SNP ID,№ каталога ВИР,Дата посева,Посев-начало всходов (дней),Начало всходов-начало цветения (дней),Начало всходов-конец цветения (дней),Начало цветения-конец цветения (дней),Начало цветения- начало созревания (дней),Начало всходов- начало созревания (дней),Начало всходов- полное созревание (дней),Начало созревания-полное созревание (дней),Цветок - окраска,Стебель окраска,Форма куста,Размер листочка,Цветоножка (окраска),Аскохитоз (поражение),Аскохитоз (устойчивость),Стебель- ветвистость (балл),Стебель  длина ветвей 1-го порядка,Стебель - характер ветвления (ветви 1-го порядка),Стебель - характер ветвления (ветви 2-го порядка),Осыпаемость бобов,Растрескиваемость бобов,Ptht 1,Ptht 2,Ptht 3,Ptht 4,Ptht 5,Hlp 1,Hlp 2,Hlp 3,Hlp 4,Hlp 5,Byld 1,Byld 2,Byld 3,Byld 4,Byld 5,WpWp 1,WpWp 2,WpWp 3,WpWp 4,WpWp 5,PPP 1,PPP 2,PPP 3,PPP 4,PPP 5,SPP 1,SPP 2,SPP 3,SPP 4,SPP 5,SYDS 1,SYDS 2,SYDS 3,SYDS 4,SYDS 5,PodSH,PDL 1,PDL 2,PDL 3,PDL 4,PDL 5,PDW 1,PDW 2,PDW 3,PDW 4,PDW 5,SSH,SCO,TSW
VE0111_0192,192,2016-04-28,8,38,54,16,42,80,95,15,3,3,3,3,7,1,9,9,5,7,7,2,2,60,55,53,60,60,21,21,25,30,30,37.1,42.5,23.6,30.9,25,12.2,18.5,11.2,13.9,10.2,99,78,48,60,48,110,89,63,781,58,13.2,12.8,8.9,10.4,8.1,7,18,20,18,18,18,8,8,8,8,8,3,10,145
VE0112_0450,450,2016-04-28,7,35,54,19,44,79,90,11,3,5,3,3,7,1,9,7,5,7,5,1,1,56,53,62,61,65,25,18,20,30,25,17.2,31.3,48.9,61.1,51.2,6.5,15.3,22.6,23.3,24.6,30,50,76,102,80,48,46,96,137,106,7.3,8.8,15.8,22.5,18.9,7,19,19,20,19,20,8,8,8,8,8,3,10,145
VE0113_0687,687,2016-04-28,7,36,55,19,44,80,89,9,3,5,3,5,7,3,7,7,5,5,5,1,2,60,60,60,65,56,20,13,25,20,13,45.1,54,42.6,52.4,70.7,23.5,24.9,11.7,18.3,24.3,57,86,86,109,122,84,127,112,144,167,13.4,17.6,17.3,21.8,25.9,7,21,21,20,20,20,8,8,8,8,8,3,10,185
VE0114_0688,688,2016-04-28,7,36,55,19,47,83,100,17,3,5,3,5,7,3,7,7,5,5,5,1,2,60,73,55,53,58,23,29,19,20,20,29.3,38.1,41.6,41.8,34.9,17.2,14.2,20.9,20.9,15.6,35,48,62,52,52,45,71,75,80,67,9,12.6,12.3,12.6,10.3,7,20,22,20,21,20,9,10,9,9,10,3,10,170
VE0115_0689,689,2016-04-28,7,40,55,15,41,81,94,13,3,5,3,5,7,1,9,5,5,5,5,1,2,60,56,56,60,63,32,17,25,33,27,29.4,51.8,40.3,36.7,45.5,15.4,32,22.1,25,23.7,36,58,49,44,51,54,79,57,51,66,10.3,12.6,11.1,8.8,14.2,7,21,22,22,22,20,10,11,10,10,10,3,11,195
VE0116_0690,690,2016-04-28,7,34,54,20,46,80,91,11,3,5,3,5,7,5,5,9,3,7,7,1,2,51,53,43,45,55,27,25,21,25,20,14.6,20.3,17.4,20.2,40.6,6.5,8.7,5.8,5.3,15.9,27,34,39,38,74,33,39,36,52,97,4.8,6.7,5.3,7.7,16.2,7,18,20,17,19,18,9,10,9,10,9,3,10,150
VE0117_0692,692,2016-04-28,7,35,56,21,49,84,103,19,3,5,3,5,7,5,5,9,5,7,7,2,2,50,55,60,62,50,20,25,20,23,20,41.9,27.4,22.4,38.3,90.4,10.1,11,8.6,24.4,35.7,117,80,53,56,189,173,95,75,71,234,20.8,11.8,8.9,8.7,26.8,7,17,17,16,18,19,9,9,8,9,9,3,14,125
VE0118_0693,693,2016-04-28,7,36,56,20,48,84,103,19,3,7,3,3,7,5,5,9,3,7,7,1,2,60,57,53,56,53,12,22,23,20,17,56.2,31.3,29.8,21.3,29.6,31.9,14.5,14.6,12.1,11.4,66,65,54,32,53,94,86,77,41,75,13.3,11.2,10.6,5.4,11.7,7,19,20,16,19,22,8,8,8,9,10,3,10,135
VE0119_0694,694,2016-04-28,7,33,55,22,49,82,100,18,3,5,3,3,7,5,5,7,3,5,5,1,2,45,53,45,65,53,20,15,20,17,20,17.3,21.7,18.3,75.2,29.8,5.3,10.4,5.7,36.6,16,43,43,44,49,140,58,60,63,66,185,7.5,7.6,8,9,22.7,7,20,18,20,19,19,8,8,10,10,8,3,10,135
VE0120_0695,695,2016-04-28,7,40,55,15,42,82,100,18,3,7,3,5,7,5,5,7,3,5,5,1,2,63,75,77,70,73,35,30,24,35,25,25.4,46.2,31.8,13.9,138,14.8,28.2,19.4,8.6,88.3,30,47,30,24,120,39,55,43,22,121,6.6,8,5.9,4.1,20.5,7,25,20,25,23,25,11,10,11,11,11,3,10,175
VE0121_0726,726,2016-04-28,8,36,54,18,43,79,90,11,3,7,3,5,7,5,5,9,5,7,7,1,2,50,52,51,50,52,17,13,22,19,17,19.4,72.6,24.8,38.5,38.2,4.4,15.6,6.9,7.9,9.9,48,182,66,102,38,55,227,92,133,131,9.7,32.9,13.2,20.6,20.6,7,21,20,20,20,20,9,9,9,9,9,3,14,165
VE0122_0727,727,2016-04-28,7,36,54,18,48,84,103,19,3,7,3,5,7,5,5,9,5,7,7,1,2,45,57,55,50,55,17,22,19,19,25,26.7,21.4,34,17.4,25.2,17.1,10.6,14,9.3,8.9,57,32,78,32,54,76,36,89,43,68,9.3,5.7,12.9,6,10,7,18,19,18,19,18,8,8,8,8,8,3,11,190
VE0123_0728,728,2016-04-28,8,33,53,20,48,81,95,14,3,7,3,5,7,3,7,7,5,5,5,1,2,50,45,55,45,40,15,13,13,13,13,36.3,54.1,25.3,35.5,37.1,10.7,20.6,7.9,7.9,8,91,103,68,111,118,136,161,85,169,147,17.1,21.9,11.1,19.8,15.5,7,19,20,17,19,20,8,9,8,8,7,3,11,140
VE0124_0729,729,2016-04-28,8,34,52,18,47,81,95,14,3,7,3,5,7,5,5,9,5,5,5,1,2,45,55,50,43,40,12,15,15,13,13,36.4,64,55.8,31.7,29.2,11,24.1,24.5,9.3,10.2,103,148,124,89,73,119,185,154,103,25,14.4,23.2,19,10.6,11.3,7,18,18,20,18,18,7,8,9,8,9,3,11,120
VE0125_0730,730,2016-04-28,7,34,54,20,48,82,96,14,3,7,3,5,7,5,5,5,3,1,5,1,1,50,55,50,55,45,25,30,30,27,25,24.2,11.3,10.6,8.5,8.5,5.7,2.9,5.9,4.5,3.5,75,19,18,21,22,35,237,25,35,33,10.7,4.4,3.3,2.8,3.5,7,20,20,20,20,18,10,7,8,9,8,3,13,140
VE0126_0731,731,2016-04-28,7,35,55,20,47,82,96,14,3,7,3,5,7,5,5,9,5,5,5,1,1,45,55,43,45,45,25,30,21,20,19,23.5,20.7,21.2,18.5,27.5,12.4,8.6,9.7,7.3,8.5,48,47,55,46,65,49,54,45,51,75,6.5,8.4,4.7,5.1,11.3,7,18,17,17,17,17,8,9,8,9,8,3,12,160
VE0127_0732,732,2016-04-28,8,37,60,23,37,74,89,15,3,5,5,3,7,3,7,7,5,5,5,1,2,53,45,40,45,45,20,20,17,20,20,33.8,80.7,46.3,24.9,15.2,10.3,26,15.3,11.5,5.6,62,171,96,49,37,53,114,67,30,29,13.1,32.4,18.8,6.7,6.4,7,20,21,20,21,20,11,10,11,10,10,3,11,225
VE0128_0733,733,2016-04-28,7,40,56,16,44,84,103,19,3,5,3,5,7,3,7,7,5,1,5,1,1,60,60,60,52,50,22,23,19,19,15,34.4,16.5,33.6,28.8,27,18.2,7.7,9.6,17,14.6,60,33,91,56,55,52,126,69,55,50,8.7,6.2,15,8.2,7.7,7,20,19,19,20,19,11,10,9,10,10,3,14,155
VE0129_0734,734,2016-04-28,7,35,55,20,45,80,93,13,3,5,3,5,7,5,5,9,3,7,7,2,1,52,50,55,50,50,22,22,17,19,22,17,27.6,31.4,19.5,18.5,8.1,6.3,10.1,10.6,8.5,37,78,88,77,45,50,75,103,88,55,6.1,11.4,14.3,11.3,8,7,20,20,18,20,20,8,8,8,8,8,3,12,150
VE0130_0740,740,2016-04-28,7,40,56,16,43,83,99,16,3,7,5,5,3,3,7,9,3,7,7,1,2,55,60,60,60,65,17,19,17,17,18,135.5,154.8,42.1,43.8,90.8,30.2,67.3,25.7,27.1,25.8,197,238,99,83,93,169,205,91,66,142,34.5,42.7,18.5,10.8,28.1,7,20,20,22,20,20,8,10,11,11,11,3,11,215
VE0131_0744,744,2016-04-28,8,35,53,18,44,79,93,14,3,5,5,3,7,3,7,9,3,7,7,1,1,45,40,53,50,56,13,13,15,13,13,62.2,19.7,68.8,34.7,36.8,16.4,4.3,27,8.2,8.3,174,62,167,97,111,195,62,189,137,148,20.7,9.1,27.1,19.2,10.5,7,20,17,18,20,17,8,6,7,8,7,3,10,125
VE0132_0745,745,2016-04-28,8,32,53,21,43,75,89,14,3,5,5,5,7,5,5,9,3,7,7,2,2,55,57,52,45,56,26,22,22,20,25,15.2,9.5,20.7,18.3,23.3,10.1,6.8,9,8.3,12.7,68,41,39,50,35,61,44,38,40,28,10.5,6.8,6.2,6.3,6.2,7,19,20,18,19,19,10,10,9,9,10,3,12,190
VE0133_0746,746,2016-04-28,8,47,57,10,35,82,100,18,3,5,5,3,7,5,5,9,3,7,7,1,1,70,55,45,50,45,20,16,22,19,17,104.6,79.8,28.1,31.5,40.4,56.2,52.8,13.2,18.1,10,135,101,65,63,123,124,87,66,50,135,16.9,10,8.3,5.9,18.5,7,20,18,18,17,17,10,9,9,9,9,3,11,150
VE0134_0747,747,2016-04-28,7,34,54,20,44,78,90,12,3,7,5,3,7,5,5,7,5,7,5,1,1,40,50,47,40,40,16,17,18,17,19,7,16.7,9.2,22,9.5,4.6,6.9,4.1,4.6,4.3,30,43,19,59,26,29,55,29,79,28,2.6,7.6,2.9,10.8,3.9,7,18,17,17,17,17,7,7,7,7,7,3,10,110
VE0135_0748,748,2016-04-28,7,34,53,19,45,79,92,13,3,7,5,5,7,5,5,5,3,5,5,1,1,50,50,56,50,57,19,25,15,26,26,13.6,19.5,42.8,26.3,21.9,5.8,5.4,15,12.5,7.5,22,31,106,54,47,29,32,121,62,64,3.5,4.8,16.2,7.9,9.9,7,20,20,20,20,20,10,10,10,10,10,3,12,140
VE0136_0749,749,2016-04-28,7,36,54,18,43,79,92,13,3,7,5,5,7,3,7,7,5,5,5,1,2,53,60,53,55,50,25,27,33,29,25,20.9,18.8,10.6,13.8,20.6,7.5,5.2,6.4,6.1,5.6,49,23,50,38,58,56,32,55,52,64,9,4.8,9.1,6.3,8.8,7,20,20,20,20,20,10,10,10,10,10,3,10,170
VE0137_0754,754,2016-04-28,7,39,61,22,43,82,97,15,3,5,5,5,7,3,7,7,5,5,5,2,2,55,60,50,50,65,30,27,27,27,25,20.8,17.8,15,18,27,12.5,8.7,7.3,6.5,12.1,42,24,25,38,67,59,29,39,54,93,9.3,5.1,7.9,10.3,14.5,7,20,18,18,22,22,10,8,8,9,8,3,10,170
VE0139_0756,756,2016-04-28,7,36,54,18,44,80,93,13,3,5,5,5,7,3,7,9,5,7,7,1,1,56,55,55,63,60,23,25,26,26,26,17.8,27.7,22.6,24.3,34.1,5.7,10.6,8.7,10,9.4,47,88,58,60,88,46,81,69,66,114,7.7,12.2,10.2,8.5,15.9,7,20,18,17,18,19,9,8,7,9,7,3,13,165
VE0140_0757,757,2016-04-28,7,33,54,21,44,77,90,13,3,7,5,5,7,5,5,9,5,7,7,1,1,55,61,55,57,56,25,19,30,30,24,13.3,9.1,10,10.4,13.7,8.2,4,3.6,3.4,3.6,36,14,25,26,36,32,19,28,25,36,2.8,2.4,4.5,3.5,5.2,7,21,19,19,17,17,11,9,9,9,8,3,13,110
VE0141_0758,758,2016-04-28,7,37,54,17,40,77,89,12,3,7,5,5,7,5,5,7,5,7,7,1,1,66,73,67,62,57,41,38,40,39,38,26,27.5,24,15.3,10,14.2,11,10.8,9.5,3.8,57,65,52,31,18,66,69,62,35,25,10.2,10.3,9.1,5.2,3.4,7,21,20,21,19,18,10,10,10,9,8,3,13,175
VE0142_0760,760,2016-04-28,7,38,54,16,38,76,88,12,3,7,5,5,7,5,5,7,5,7,7,1,1,52,55,60,60,60,35,32,32,42,30,2.7,11,18.8,10.9,24.4,1.3,5,8.2,7,9.3,10,29,60,24,53,6,30,52,19,44,0.9,4.4,7,2.5,5.1,7,21,18,21,19,20,9,9,10,9,10,3,10,160
VE0143_0761,761,2016-04-28,7,36,54,18,35,71,87,16,3,7,5,5,7,1,9,7,5,7,7,1,1,62,40,57,50,50,32,22,30,27,27,25.8,15.8,7.2,12.3,13.4,10.7,7.5,3.5,3.5,6.2,62,35,26,37,37,62,29,31,40,30,10.1,4.4,5.7,5.7,4.3,7,20,19,19,19,20,10,10,9,8,9,3,10,190
VE0144_0762,762,2016-04-28,8,37,55,18,44,81,94,13,3,5,3,3,7,5,5,7,5,7,7,2,2,40,50,45,50,50,21,17,19,23,20,7.2,32.8,17.5,21.2,45.4,2.7,8.4,11.2,8.3,13.1,19,103,32,56,115,22,140,28,76,167,2.8,17.5,2.7,9.4,22.2,7,19,20,20,18,20,8,8,9,8,9,3,10,150
VE0145_0763,763,2016-04-28,8,35,53,18,40,75,87,12,3,5,5,3,7,1,9,9,5,7,7,1,2,50,53,56,56,50,23,21,21,26,23,22.3,27.5,75.6,56.5,13.7,9.5,9.8,19.8,14.3,3.7,53,82,203,140,36,69,102,32.6,20.8,51,8.4,12.1,42.1,28.6,5.4,7,20,20,19,18,19,8,8,8,8,8,3,10,140
VE0146_0764,764,2016-04-28,8,33,52,19,45,78,91,13,3,5,3,5,7,3,7,9,3,7,5,1,2,55,60,50,60,60,25,23,26,21,21,31.2,28.6,12.4,34.1,28.6,8.9,18.5,3.8,10.5,9.6,78,54,32,78,80,107,68,45,112,98,13.2,9.1,5.7,15.8,13.6,7,20,20,20,20,20,10,10,8,10,8,3,10,140
VE0147_0766,766,2016-04-28,7,36,53,17,39,75,82,7,3,5,3,3,7,5,5,3,3,1,5,2,1,66,62,50,55,50,29,32,29,27,26,21.2,9.8,6.4,178.6,15.3,10.7,6.5,6.1,9.5,7.1,99,10,10,70,46,116,18,14,72,42,15.8,2.3,2.1,7.7,4.6,7,18,18,17,20,20,7,8,7,9,9,3,10,155
VE0148_0767,767,2016-04-28,7,36,53,17,39,75,82,7,3,5,5,5,7,3,7,3,3,1,5,1,1,62,65,53,56,56,29,30,26,27,25,33.2,45.4,50.9,29.2,17.5,9.7,17.5,16.8,8.3,8.1,87,128,158,92,56,99,142,158,116,45,14.7,20.2,16.2,14.4,5.3,7,20,20,20,20,20,9,9,9,9,9,3,10,155
VE0149_0768,768,2016-04-28,8,33,52,19,41,74,81,7,3,7,3,5,7,5,5,9,7,7,7,2,1,52,43,55,48,46,20,20,16,20,22,13.6,24.5,28.5,30.9,12.7,5.8,8.9,8.7,10,6.2,34,71,84,85,33,37,118,122,119,48,5.2,12.5,13.3,13.2,6,7,18,18,20,20,19,7,9,8,8,8,3,14,145
VE0150_0769,769,2016-04-28,7,35,53,79,39,74,81,7,3,7,3,3,7,3,7,9,3,7,5,1,2,50,40,45,35,40,23,24,20,20,20,11.7,7,53.6,12.9,10.3,5.7,2.7,16.4,6.9,7,27,12,138,33,20,28,19,171,41,16,3.6,2.3,23.8,5,2.5,7,18,18,19,20,18,8,7,8,9,8,3,10,150
VE0151_0771,771,2016-04-28,7,35,54,19,41,76,86,10,3,7,3,3,7,3,7,9,5,7,5,1,2,57,45,60,50,53,25,26,20,20,21,90.2,23.6,24.7,14.6,45.2,27.2,17.6,10.6,20.3,17.6,249,33,69,157,124,316,37,88,267,170,41.1,6.7,9.2,29.6,41.4,7,20,18,20,19,19,9,9,9,9,8,3,10,190
VE0152_0772,772,2016-04-28,7,33,54,21,43,76,86,10,3,7,3,5,7,3,7,9,3,7,5,2,1,47,50,45,43,46,22,20,22,16,15,13,28.2,10.4,20.7,29.9,5.5,9.2,5.3,6.8,9.6,42,76,22,55,58,36,76,21,65,100,5.4,11.8,3,9,14.4,7,20,20,17,17,16,10,10,9,7,7,3,13,175
VE0153_0890,890,2016-04-28,7,34,54,20,43,77,85,8,3,7,3,5,7,1,9,3,3,1,5,2,1,57,47,61,53,54,20,20,26,25,23,15.7,20,28.3,13.8,20.4,5.1,6.6,6.5,4.7,14.6,34,60,79,53,24,49,75,113,77,40,5.8,9.4,14.6,9.6,4.9,7,21,19,20,19,19,11,8,9,8,9,3,13,140
VE0154_1029,1029,2016-04-28,7,36,53,17,42,78,88,10,3,7,3,5,7,3,7,9,5,7,7,1,1,40,50,52,50,45,20,16,21,21,20,15.1,15.3,14.3,6.4,15.6,6.1,5.9,7.7,2.1,3.9,39,40,42,20,50,43,48,43,27,61,5,6.3,4.9,3.3,7.2,7,19,20,18,18,18,10,9,9,10,9,3,13,140
VE0155_1210,1210,2016-04-28,8,33,53,20,43,76,83,7,3,7,3,5,7,3,7,9,3,7,5,1,1,50,55,53,60,53,28,13,20,23,22,10.2,15.5,11,15.7,19.9,3.3,4.8,4.7,6.3,6.9,27,36,24,42,51,34,47,30,47,65,4.9,6,4.2,5.7,8.1,7,20,19,19,22,20,10,8,8,10,10,3,10,165
VE0156_1211,1211,2016-04-28,8,33,52,19,43,76,84,8,3,7,5,5,7,1,9,9,3,7,5,2,1,45,48,57,58,46,18,20,26,24,25,8.3,13.1,18.1,14.9,9.8,2.2,4.1,4.8,3.7,4.7,29,32,64,47,27,41,41,73,63,30,3.8,4.7,8.6,7.4,3.6,7,19,18,18,18,20,7,8,8,8,9,3,13,140
VE0157_1404,1404,2016-04-28,8,34,53,19,43,77,88,11,3,7,5,5,7,1,9,5,3,1,5,2,1,55,60,53,60,55,23,25,15,27,27,65.4,42,44.8,45.9,45.6,19.3,12.8,13.7,27.2,16.4,169,68,100,83,94,213,61,142,54,102,30.2,10.3,18.7,8.3,16.1,7,19,20,21,20,20,9,10,10,10,9,3,10,165
VE0158_1405,1405,2016-04-28,7,34,54,20,43,77,88,11,3,7,5,5,7,1,9,3,3,1,5,2,1,50,57,45,47,56,27,25,21,22,20,8.4,18.9,8.3,12.7,22.9,2.1,5.5,3.7,5.9,8.3,26,59,24,49,89,31,62,26,52,93,4.2,6.7,2.6,5.6,11,7,21,19,19,19,17,10,9,9,9,8,3,10,135
VE0159_1406,1406,2016-04-28,8,35,53,18,41,76,87,11,3,7,3,3,7,3,7,9,3,7,7,1,1,57,60,67,63,53,20,20,25,21,17,46,55.8,40.6,23.2,47.8,5.3,16.5,10.9,8.7,12.3,137,165,36,64,154,185,171,135,56,168,23.5,27.2,19.9,7.8,20,7,22,22,22,21,20,10,10,10,9,9,3,10,150
VE0161_1411,1411,2016-04-28,7,34,53,19,42,76,86,10,3,7,5,3,7,3,7,7,3,7,7,1,1,53,55,56,51,60,25,20,13,27,20,27.4,22.7,24.8,8.8,30.8,11,5.5,11.8,3,13.3,84,65,70,27,90,97,49,58,32,74,12,5.5,5.9,3.9,8.7,7,21,21,23,22,20,9,10,10,10,10,3,13,150
VE0162_1412,1412,2016-04-28,7,35,54,19,42,77,88,11,3,5,5,3,7,1,9,9,5,7,7,1,1,53,45,47,70,60,20,21,20,23,26,9.1,21.8,26.5,43.1,46.4,7.4,7,7.2,17.7,21.3,36,79,88,105,88,23,74,96,149,107,2.3,9.9,12.1,22.2,14,7,20,20,20,18,17,8,10,8,8,8,3,10,160
VE0163_1413,1413,2016-04-28,8,33,53,20,43,76,84,8,3,7,5,3,7,3,7,9,3,7,7,1,2,60,45,47,55,63,18,20,19,17,30,32.1,20.4,23.1,24.6,22.6,6.3,6.9,6.9,7.9,7.3,99,68,62,71,61,129,57,81,80,80,20.3,8.8,11.7,11.6,12.7,7,20,18,20,20,20,10,9,10,9,9,3,10,180
VE0164_1417,1417,2016-04-28,8,39,53,14,38,77,89,12,3,3,5,5,3,1,9,7,5,5,5,2,2,71,56,60,65,70,25,25,27,29,21,38.7,40.8,30.6,45.4,88.4,25,22.9,7.2,19.9,39.9,51,54,37,78,103,49,78,61,82,133,10.1,17.5,12.2,19.5,29.4,5,25,25,25,25,25,13,13,13,13,13,3,10,345
VE0165_1423,1423,2016-04-28,8,34,53,19,42,76,83,7,3,7,5,5,7,1,9,7,5,5,5,1,2,50,50,46,50,51,13,15,23,23,23,32.3,38.8,18,8.6,23.4,9.9,12.2,8.3,3.7,9.6,78,105,39,16,48,98,128,49,26,52,15,18,6.2,3.9,8.5,7,19,19,20,19,20,8,8,10,9,8,3,10,175
VE0167_1583,1583,2016-04-28,8,34,53,19,43,77,88,11,3,7,3,5,7,5,5,5,3,5,5,2,2,53,53,53,53,46,10,25,13,26,25,49.5,12.8,22.8,8.3,11.4,21.6,10,5,5.6,6.8,88,49,25,23,20,128,58,36,26,26,18.7,9.7,4.9,3.7,3.4,7,18,20,20,18,15,9,10,10,9,9,3,10,160
VE0168_1584,1584,2016-04-28,7,34,54,20,42,76,88,12,3,7,3,5,7,1,9,5,3,5,5,2,2,60,57,56,50,55,32,17,25,23,25,4,14.3,5.3,26.5,23.7,1.7,5.6,1.9,9.8,9.4,11,39,17,73,59,10,53,20,89,83,1.5,6.1,2.4,10.6,9.2,7,19,18,18,16,18,9,9,8,8,9,3,11,135
VE0169_1586,1586,2016-04-28,8,36,54,18,41,77,88,11,3,7,5,5,7,1,9,9,5,7,5,1,2,56,60,60,60,58,22,20,24,21,19,54.1,17.4,22.3,36.8,53.9,11.3,5.7,7,11,22.4,167,66,60,119,142,194,51,74,160,124,26.3,9.1,11.1,17.7,19.2,7,20,20,20,20,16,9,9,9,8,7,3,11,150
VE0170_2178,2178,2016-04-28,9,23,39,16,35,58,68,10,3,7,3,3,7,1,9,5,5,5,5,1,1,50,62,45,33,54,18,23,21,17,17,12.5,34.6,9.8,17,33.1,3.2,12.1,2.9,3.7,16,32,74,28,50,82,36,97,34,56,86,6.4,12.5,4.6,8.2,12.3,7,17,16,17,18,16,8,7,8,8,7,3,10,170
VE0172_3036,3036,2016-04-28,8,39,60,21,41,80,91,11,1,3,5,5,3,3,7,9,5,7,5,1,2,55,50,50,50,50,27,27,21,23,20,20.7,23.1,13.4,76.6,45.2,9.3,7.9,13.9,25.1,15.3,39,60,102,140,98,42,52,107,156,103,7,9.2,20,27.9,19.2,7,22,21,22,22,25,11,9,10,11,12,3,1,180
VE0173_3461,3461,2016-04-28,8,39,60,21,41,80,91,11,1,3,3,5,3,3,7,9,5,7,5,2,2,56,53,53,53,53,28,21,23,20,25,46.5,33.5,29.4,37.1,26.6,17.2,13,8.3,20.3,9.1,86,57,61,52,56,104,57,75,54,67,17.8,10.7,14.3,10.5,11.1,7,22,23,25,25,27,11,11,10,12,11,5,1,215
VE0174_3587,3587,2016-04-28,8,39,63,24,40,79,91,12,1,3,7,5,3,1,9,9,5,7,5,2,2,60,70,63,70,70,23,27,17,27,29,162.5,64.8,86.4,8.38,64.2,79.5,24.2,41,28,40.1,177,109,127,112,94,156,88,128,104,86,38.2,25.1,32.8,29.5,23.4,7,20,20,18,19,20,10,10,8,9,10,3,1,275
VIR0002,2,2016-04-28,8,32,54,22,44,76,89,13,3,5,3,3,7,1,9,9,5,7,5,2,2,65,53,60,56,50,23,20,23,23,20,23.2,19.1,35.5,30.1,23.6,11.3,9.3,7.7,12.7,8.7,43,48,113,63,56,54,52,173,78,87,7.9,5.8,20.6,9.7,10.5,7,20,20,19,20,20,10,8,8,9,10,3,14,135
VIR0003,3,2016-04-28,8,33,67,34,44,77,91,14,3,7,1,3,7,1,9,9,5,7,5,2,2,50,57,55,53,50,19,25,27,25,17,20.3,11.8,16.3,13.1,55.3,8.6,8.3,9.2,5.3,24.5,40,12,24,22,115,54,20,36,30,167,6.8,2.4,4.6,4.2,21.5,7,19,19,20,19,20,9,8,10,8,9,3,10,155
VIR0004,4,2016-04-28,8,32,53,21,45,77,88,11,3,7,5,3,7,1,9,5,5,1,5,2,1,56,50,56,67,53,13,9,10,17,16,49.6,51.8,15.2,31.7,31.9,23.5,13.8,4.9,12.7,13.7,110,147,46,70,69,154,233,78,108,110,17.9,25.6,7.9,13.2,12.6,7,19,20,19,20,19,8,10,8,8,8,3,14,140
VIR0005,5,2016-04-28,7,37,61,24,42,79,92,13,3,5,5,3,7,1,9,9,5,7,5,1,2,51,45,52,55,50,20,17,20,21,32,42.7,37.1,26.8,36.2,27.2,19.6,20.7,14.6,18,11.3,129,52,49,54,53,175,57,70,79,88,20.4,4.4,10.1,11.7,12.7,7,20,17,18,18,20,11,8,9,8,10,3,10,150
VIR0021,21,2016-04-28,8,39,53,14,41,80,94,14,1,3,5,7,3,3,7,5,5,1,5,2,2,65,60,70,73,65,25,27,42,23,31,88.3,25,64.8,73.4,30.7,47.5,13.7,32.5,46.4,16.9,57,23,46,60,23,50,26,52,51,25,18.4,9.8,17.7,17.4,8.5,5,27,27,26,25,25,15,14,14,13,14,3,1,445
VIR0023,23,2016-04-28,8,39,66,27,41,80,94,14,1,3,5,7,3,1,9,5,5,1,5,2,2,80,62,70,65,70,32,26,23,24,32,81.5,73.7,150.7,80.9,72,56.5,39.7,100.2,48.6,45.6,20,50,71,55,39,21,58,92,58,49,5.8,16.6,20.9,19.4,15,5,22,23,25,25,25,12,13,13,15,12,3,1,405
VIR0024,24,2016-04-28,8,39,55,16,41,80,94,14,1,3,5,7,3,3,7,9,7,7,7,2,1,63,66,66,65,63,16,25,19,19,14,104.9,57.6,54.9,98.9,109.7,36.9,23.1,32.2,51.6,58.8,87,56,51,64,80,98,63,54,63,89,28.4,21.2,18,23.9,32.6,5,25,25,25,27,27,16,15,13,15,13,3,1,440
VIR0025,25,2016-04-28,8,40,67,27,42,82,96,14,1.2,3,5,5,3,5,5,9,7,1,7,1,1,45,47,63,43,70,12,17,23,17,18,11.7,16.8,34.5,22.1,59.6,3.9,6.4,19.8,8.9,23.9,54,79,59,81,194,29,60,63,58,153,3.3,5.7,10,6.8,26.4,7,20,20,17,18,15,10,10,8,10,9,3,4,115
VIR0026,26,2016-04-28,8,42,67,25,37,79,89,10,1,3,5,5,3,1,9,5,5,1,5,2,2,67,56,47,55,55,23,20,17,23,13,33.2,84.4,66.3,29.7,43.5,14.4,24.3,21.7,12.4,13.6,58,175,124,69,106,79,192,141,84,140,12.4,30.4,19.6,12.8,21.5,7,20,20,20,20,20,10,10,10,10,10,5,1,170
VIR0027,27,2016-04-28,8,39,60,21,39,78,89,11,1,3,5,5,3,3,7,7,5,1,5,2,2,42,40,40,40,33,21,17,17,22,17,9.9,17.2,15.5,11.6,9.6,4.1,5.7,3.9,3.9,3.6,38,72,73,44,47,29,68,62,52,98,2.6,5.8,5.7,5.2,3.2,7,20,19,20,20,20,10,9,10,10,9,3,2,95
VIR0028,28,2016-04-28,8,38,60,22,40,78,90,12,1,3,3,5,3,5,5,7,5,7,5,1,1,45,46,52,40,47,23,26,30,20,23,18.3,34.3,14.3,13.5,36.9,8.1,13.3,6.7,3.8,9.2,70,100,39,47,123,95,131,44,60,169,10.2,14.5,4.8,6.4,19.5,7,19,18,20,17,21,8,9,10,8,9,3,1,115
VIR0030,30,2016-04-28,8,35,60,25,43,78,90,12,1,3,3,5,3,3,7,9,5,7,5,1,1,38,38,43,52,48,13,14,14,15,16,13.6,13.5,19.7,39.2,23.5,4.5,5.1,5.6,12.4,7.8,73,83,92,168,123,65,58,82,84,75,4.1,2.9,5.1,13.1,8.6,7,18,19,19,19,18,8,8,9,8,8,7,9,90
VIR0031,31,2016-04-28,8,33,55,22,46,79,90,11,1,3,3,5,3,5,5,9,3,7,5,1,1,40,43,50,42,40,19,22,20,23,23,23.4,9.9,16.1,9.3,10.4,7.8,3.3,5.4,4.7,4.1,84,29,47,50,32,75,33,55,41,29,9.4,4.3,7.4,4.4,4.5,7,18,18,19,19,18,10,9,9,10,9,3,10,140
VIR0033,33,2016-04-28,8,39,60,21,39,78,90,12,3,5,5,3,7,5,5,5,3,1,5,1,1,35,46,32,32,40,17,13,17,16,19,9.3,7.2,5.8,6.7,9,3.8,6.2,2.1,2.8,2.7,26,40,25,19,36,34,41,32,21,38,3.8,4.3,3.5,2.9,4.4,7,16,16,15,17,19,8,8,8,9,8,3,10,125
VIR0034,34,2016-04-28,8,35,60,25,43,78,91,13,3,5,5,3,7,5,5,5,3,1,5,1,2,60,50,43,45,55,28,20,19,15,22,41.6,39.9,14.2,36.4,48.5,9.8,6.6,4.3,8.5,10.2,105,133,49,104,99,186,48,59,119,37,23.3,6.1,6,39.9,4.7,7,21,20,18,17,22,11,10,9,8,11,3,11,160
VIR0036,36,2016-04-28,8,39,67,28,40,79,91,12,1,3,5,5,3,1,9,9,3,7,5,1,2,46,55,55,50,55,15,16,22,22,20,26,101,28.7,45.9,55.8,9.9,29.7,13.2,20.6,24,74,204,76,93,130,72,342,100,113,131,8.7,43.6,13.4,17.5,21.3,7,19,20,18,20,17,8,10,9,10,9,5,1,165
VIR0037,37,2016-04-28,8,35,60,25,43,78,90,12,3,7,3,3,3,7,3,9,5,1,5,1,2,46,40,40,36,45,23,23,19,17,17,9.8,6.8,12.4,7.3,10.6,2.8,2.5,3.6,2.5,3.1,31,22,49,19,46,44,34,55,29,49,2.7,3.1,5.6,3.3,5.3,7,18,17,19,19,20,9,9,10,10,10,3,10,115
VIR0038,38,2016-04-28,8,36,54,18,43,79,92,13,3,7,5,5,7,1,9,9,7,7,5,2,2,52,50,60,60,61,22,21,19,25,20,38.6,16.5,75.4,20,150.4,11,9.7,19.3,7.3,53.9,82,42,142,39,262,88,44,136,28,287,15.3,8.6,23.9,8,54.4,7,17,20,20,20,20,10,10,10,9,10,3,10,185
VIR0039,39,2016-04-28,8,35,53,18,39,74,81,7,3,5,5,3,7,5,5,9,5,1,5,2,1,40,50,40,40,38,17,16,16,18,17,4.9,11.1,30.6,10.8,10.4,2,5.9,9.6,2.6,1.8,18,29,118,44,43,13,19,113,48,56,0.9,2.4,9.5,4.1,5.3,7,20,20,20,20,20,10,9,9,8,9,3,10,125
VIR0040,40,2016-04-28,8,41,73,32,41,82,95,13,3,5,5,3,7,1,9,7,3,1,5,2,1,73,73,65,70,70,25,27,30,30,31,81.5,58.9,25.1,31.3,14.8,38.5,41.5,18,25.5,10,116,85,37,52,21,131,80,40,45,33,19.3,14.7,5.6,6.9,4.7,7,20,19,18,19,18,11,10,9,10,10,3,11,170
VIR0041,41,2016-04-28,8,41,70,29,40,81,95,14,3,5,5,3,7,1,9,7,3,1,5,1,2,38,32,58,60,66,30,33,30,26,33,24.3,21.8,14,15.9,51.7,12.2,13.1,9.8,6.6,22.7,47,31,26,44,81,52,47,21,54,85,8.7,6.8,4.2,10.5,14.7,7,19,18,17,19,18,9,8,8,10,8,3,11,180
VIR0042,42,2016-04-28,8,37,55,18,41,78,89,11,3,5,3,3,7,5,5,7,3,7,5,1,1,45,52,40,43,50,23,19,19,17,25,12.9,15.7,16.8,14.7,49.3,6.7,5.7,3.8,3.5,23.5,47,45,52,46,122,43,41,84,65,129,5.8,4.6,9.8,7.6,16.2,7,20,21,18,17,17,9,10,9,9,9,3,10,150
VIR0043,43,2016-04-28,8,39,54,15,39,78,89,11,3,7,3,3,7,5,5,9,5,7,5,2,1,30,40,40,30,37,15,13,16,17,15,12.6,38.2,38.4,4.4,7.3,3.1,6.8,8.4,0.8,1.1,44,130,132,18,24,50,142,149,16,28,6.3,18.6,18,1.8,3.6,7,18,17,18,17,17,10,9,9,10,9,3,10,155
VIR0111,111,2016-04-28,29,26,33,7,39,65,74,9,3,7,3,5,3,1,9,9,5,7,5,1,2,60,60,55,45,50,31,23,29,22,22,116.7,103.4,39.4,50.2,44.2,54.5,33.9,10.2,22.3,22.8,149,159,55,56,48,140,148,71,67,44,39,43.2,17.9,18.4,11.2,7,26,20,20,23,22,12,10,10,11,11,5,1,305
VIR0125,125,2016-04-28,8,38,54,16,44,82,93,11,1,3,3,5,3,5,5,7,5,1,5,1,2,60,53,60,50,50,27,30,26,17,23,36,18.4,45.9,75.3,19.4,23,13.6,25.8,29.9,10.1,39,14,45,110,29,23,11,34,75,18,7.2,3.1,10.6,23.3,5.6,7,26,22,21,25,23,12,12,12,12,11,3,1,305
VIR0143,143,2016-04-28,8,38,54,16,42,80,92,12,1,3,3,5,3,5,5,9,3,7,5,1,2,55,50,65,47,55,22,20,31,16,16,30.2,39.7,23.3,32.7,15.2,8.9,18,8.5,12.9,10.4,61,75,48,63,31,59,66,47,55,13,12.5,10.5,8.2,13.8,3.2,7,22,20,25,23,21,12,10,11,11,11,3,1,240
VIR0167,167,2016-04-28,8,39,63,24,40,79,91,12,1,3,3,7,3,1,9,7,5,1,5,1,2,50,56,60,53,55,30,32,23,27,17,26.3,23.5,27.4,37.5,72.4,15.8,11.4,14.3,12.5,23.1,24,25,33,53,107,21,29,32,59,92,7.1,9.9,8.1,15.7,27.1,7,27,27,26,26,26,14,13,12,12,13,5,1,350
VIR0172,172,2016-04-28,8,32,53,21,44,76,90,14,3,7,3,3,7,3,7,9,5,7,5,2,1,55,53,57,52,50,30,27,23,20,30,11,7.7,20.6,23.8,19.3,2.9,3.1,6.8,7.4,7.6,39,20,64,61,61,50,29,88,93,72,5.9,2.3,8.7,9.8,5.8,7,19,18,20,18,20,10,9,10,9,9,3,13,145
VIR0187,187,2016-04-28,8,32,52,20,47,79,94,15,3,3,3,7,3,5,5,9,5,7,5,1,2,50,56,70,56,70,16,30,33,27,20,20.3,24,66.1,31.7,29.5,14.8,17,32.5,21.6,23.7,17,17,79,35,41,10,24,61,26,29,1.7,4.9,16.5,7.6,7,5,27,27,25,25,25,15,13,14,15,15,3,9,340
VIR0196,196,2016-04-28,8,32,54,22,45,77,93,16,2,5,5,5,7,3,7,9,3,7,7,2,1,66,67,73,56,60,25,19,27,30,27,27.9,36.3,51.1,33.8,48.4,10.7,13.2,13.6,23.8,13.9,61,90,71,117,120,85,113,94,145,157,10.9,14.1,13.1,18.3,23.8,7,20,20,20,20,22,10,11,8,10,10,3,13,170
VIR0199,199,2016-04-28,8,40,55,15,38,78,94,16,3,7,7,7,7,1,9,9,3,7,7,1,1,66,45,47,60,70,20,21,27,25,40,91.3,10.3,12.6,15.5,61.3,26.4,4.4,5.4,12.2,32.8,162,14,19,22,77,196,15,24,25,92,40,2.5,4.8,5.1,20.2,7,20,20,19,21,20,11,11,11,11,11,3,14,230
VIR0201,201,2016-04-28,8,39,54,15,42,81,96,15,1,3,3,5,3,3,7,9,3,7,7,1,1,50,57,55,50,70,27,23,31,22,30,23.7,37.9,16.1,63,48,11,17.2,10.5,24.7,24.6,41,64,27,80,117,38,62,31,72,80,8.7,12.2,6,14.2,15.8,7,21,21,21,21,22,11,11,12,11,12,3,1,250
VIR0202,202,2016-04-28,8,39,53,14,40,79,95,16,2,3,5,5,3,3,7,9,3,7,5,1,2,55,70,70,66,62,23,20,30,23,22,37.4,36.6,15.3,19.3,51.5,24.2,12.4,6.7,7.1,24.7,52,87,39,58,93,47,95,53,53,101,6.2,16.1,6.9,7.9,15.1,7,20,20,20,20,18,10,10,9,12,8,3,11,150
VIR0203,203,2016-04-28,8,35,54,19,39,74,81,7,1,3,5,5,3,3,7,7,5,1,5,1,2,50,50,50,55,60,30,20,20,21,24,6.6,34.5,17.4,11.4,15,4.7,15.6,8.3,7.6,7.9,13,104,54,20,42,8,91,53,16,35,0.6,10.4,4.4,1.3,3.5,7,20,20,20,20,20,9,8,10,10,10,3,1,130
VIR0204,204,2016-04-28,8,38,55,17,41,79,94,15,1,3,5,5,3,3,7,9,5,7,5,1,1,50,50,50,53,60,17,22,23,20,25,16.9,49.3,21,23.7,21.3,8.5,17.4,9.6,14.1,11.5,51,134,48,48,64,49,161,39,43,61,4.4,17.8,4.1,4.3,5.7,7,20,20,20,18,20,10,10,10,9,10,3,1,115
VIR0205,205,2016-04-28,8,37,54,17,42,79,93,14,1,3,5,5,3,3,7,9,3,7,5,2,2,40,60,60,56,60,19,27,25,25,25,12.8,31.1,45.3,14.6,29,7.8,19,17.2,8.1,10.1,33,63,123,38,96,23,45,130,34,107,2.2,5.9,16.3,3.6,10.8,7,20,18,20,20,20,10,10,10,10,10,3,1,105
VIR0206,206,2016-04-28,8,38,55,17,42,80,94,14,1,3,3,5,3,5,5,9,3,7,5,2,1,50,50,60,55,45,23,25,23,23,20,19.3,23.9,11.5,10.6,35.5,10.6,16.1,7.5,6.8,19.4,49,39,25,18,48,43,41,18,15,67,4.3,4.3,1.8,1.7,6.6,7,24,20,20,21,20,13,10,10,11,10,3,1,130
VIR0207,207,2016-04-28,8,38,54,16,42,80,94,14,1,3,3,5,3,5,5,9,3,7,5,1,2,60,56,66,56,60,30,19,15,20,20,23.6,67.1,89.7,49.8,48.7,14.5,29.1,40.5,18.2,15.5,40,211,153,99,160,43,211,153,131,125,4.5,23.7,17.7,15.4,13.6,7,19,19,21,20,21,9,8,10,9,11,5,1,145
VIR0208,208,2016-04-28,8,36,54,18,44,80,94,14,1,3,5,5,3,5,5,9,3,7,5,1,1,50,70,50,60,60,17,17,18,19,18,25.4,23.1,25.8,45.9,50.7,10.5,10.5,10.7,15.4,29.9,105,71,96,136,122,85,60,99,82,63,9.9,7.3,11.7,9.3,6.6,7,20,20,19,21,20,10,10,9,10,10,5,1,145
VIR0209,209,2016-04-28,8,39,55,16,41,80,96,16,2,3,5,5,3,3,7,9,3,7,7,1,1,70,60,67,73,70,27,35,31,30,30,58.7,25.2,42.7,66,106,22.2,6.9,21.4,29.1,49.3,120,41,73,120,155,50,146,87,146,130,22.8,8.3,14.5,23.8,22.1,7,20,20,20,20,20,10,10,10,10,10,3,11,225
VIR0210,210,2016-04-28,8,39,55,16,41,80,96,16,2,3,5,5,3,3,7,9,3,7,5,1,1,80,67,77,60,60,43,30,30,31,31,34.6,17.9,43.6,35.1,24.1,23.1,13.8,22.8,20,8.8,46,35,76,46,51,45,40,56,45,11,6.5,6.5,13.4,8.8,8.4,7,20,22,20,21,21,10,11,10,11,11,3,11,205
VIR0212,212,2016-04-28,8,38,53,15,42,80,94,14,3,7,7,5,7,3,7,9,3,7,5,2,1,66,60,60,65,60,23,30,27,30,30,38,25.7,70.2,15.3,26.8,19.9,13.1,23.8,10.3,20.2,102,63,142,18,32,82,70,158,18,21,13.8,8.9,24,2.1,3.8,7,22,23,22,23,22,11,11,11,11,11,3,10,195
VIR0215,215,2016-04-28,8,39,53,14,43,82,96,14,1,3,5,5,3,5,5,9,3,7,5,1,1,60,65,70,45,70,27,25,25,23,23,51.8,45.5,57.3,26.8,70.3,21.7,25.8,38.8,13.2,35,98,67,76,27,54,86,69,58,31,36,22.3,14.5,11.8,7.2,7.2,7,19,22,19,20,20,10,10,10,10,10,5,1,255
VIR0216,216,2016-04-28,8,37,54,17,43,80,94,14,3,7,3,3,7,3,7,9,5,7,5,1,1,60,53,56,55,40,23,19,19,20,17,24,54.1,32.7,17.5,16.6,14.5,17.3,12.1,6.3,7.5,73,162,83,48,42,66,126,86,59,34,8.7,21.1,9.9,6.4,3.5,7,20,20,22,20,20,10,11,10,9,10,3,10,160
VIR0217,217,2016-04-28,8,39,54,15,42,81,93,12,3,7,3,3,7,5,5,9,5,7,5,1,1,53,56,53,60,50,21,27,23,22,21,23.2,28.4,26.8,21.2,20.1,12.4,8.2,8.9,9.9,7.4,85,71,93,88,53,81,87,82,64,68,12.2,19.5,12.6,8.4,8.4,7,20,20,22,18,20,11,12,10,8,10,3,10,170
VIR0218,218,2016-04-28,8,39,61,22,46,85,98,13,1,3,3,3,3,5,5,9,5,7,5,1,2,60,60,60,55,62,25,25,22,21,22,45.2,21.9,31.9,64.9,50.3,22.7,12.1,27.4,33.2,19.7,67,36,43,139,148,32,20,22,70,100,5.7,2.9,3.5,13.8,22.2,7,21,22,21,20,21,10,10,10,10,10,3,2,190
VIR0220,220,2016-04-28,8,39,53,14,47,86,98,12,1,3,5,3,3,5,5,9,3,1,5,1,2,60,65,56,62,55,30,30,19,20,21,38.5,20.9,28.5,42.8,33,25,11.6,17.1,21.2,17.8,49,35,50,56,71,48,35,45,62,70,8.7,6.6,8.4,10.5,12.8,7,21,21,20,23,23,10,10,11,12,12,5,1,200
VIR0221,221,2016-04-28,8,39,53,14,42,81,98,17,2,3,3,5,3,3,7,9,3,7,5,1,1,40,56,50,50,56,17,18,21,30,20,15.1,27.5,27.8,21.6,27.1,9.4,9.1,15.2,12.6,13.5,30,58,52,5,53,22,44,31,4,41,3.7,8.9,5.2,0.5,7.8,7,21,21,20,19,20,8,10,10,8,7,7,11,210
VIR0222,222,2016-04-28,8,38,53,15,42,80,96,16,2,3,5,5,3,5,5,7,3,7,5,1,1,60,60,65,60,60,27,24,27,27,27,13.5,11.3,17.7,9.4,7.9,6.8,8.7,11.5,7.2,5.3,17,18,22,26,10,12,15,11,21,12,1.8,1.6,1.4,1.4,1.2,7,22,22,23,24,23,11,11,11,12,11,3,11,180
VIR0225,225,2016-04-28,8,39,55,16,40,79,90,11,3,7,7,5,7,3,7,5,3,1,5,2,2,50,50,56,50,55,31,23,27,31,31,18.4,18.3,20.8,20.5,6.8,10.5,12.3,15.3,13.8,2,42,30,38,78,15,30,24,30,73,11,6.1,3.6,6.3,16.1,2.1,7,20,20,19,23,20,9,8,10,10,9,3,10,240
VIR0226,226,2016-04-28,8,39,61,22,43,82,94,12,1,3,5,5,3,3,7,7,3,1,5,1,2,56,67,53,56,60,34,32,24,32,24,10.6,56.6,39.6,12.8,26.9,4.9,22.3,23,5.7,8.5,14,81,68,19,45,16,96,58,20,53,3.4,20.2,13.8,4.1,10.9,7,21,25,21,25,21,10,13,10,11,10,5,1,250
VIR0227,227,2016-04-28,7,39,54,15,44,83,95,12,2,3,5,7,3,3,7,7,3,1,5,1,2,60,60,60,50,45,26,21,21,24,21,27.7,52.1,53.5,15.9,13.7,9.5,20.5,23.7,8.8,9.8,68,104,120,25,21,83,103,96,16,18,15.2,17.7,17,2,3.8,7,22,24,22,23,22,10,12,12,11,11,3,11,215
VIR0229,229,2016-04-28,8,35,55,20,45,80,93,13,1,3,5,5,3,3,7,9,3,7,5,1,2,50,50,55,38,57,20,21,22,19,24,70.5,22.7,19.2,14.5,17.1,20.5,6.7,4.7,7.2,7.7,158,53,43,27,29,170,60,48,24,30,31.4,11.9,9.4,3.9,5.6,7,23,22,25,24,19,12,11,12,12,9,5,1,245
VIR0230,230,2016-04-28,8,41,60,19,41,82,96,14,3,7,5,5,7,5,5,9,3,7,5,1,1,47,63,56,63,56,23,25,30,25,31,14.1,30.5,19.7,35.1,18.8,4.8,14.2,11.3,15,8.5,40,72,30,82,48,49,73,21,88,44,6.2,9.2,2.3,12.8,7,7,19,17,17,19,20,9,8,7,8,8,3,11,155
VIR0231,231,2016-04-28,8,39,55,16,43,82,96,14,3,7,5,5,7,1,9,9,3,7,5,1,2,63,56,55,55,52,20,21,21,21,21,25.1,13.1,38.2,45.1,13.4,14.2,6.5,15.5,19.6,6.2,72,41,106,116,43,69,37,98,100,31,9.8,6,13.4,14.8,4.1,7,20,19,20,22,20,10,8,9,10,11,5,10,150
VIR0232,232,2016-04-28,8,39,54,15,40,79,95,16,3,5,5,5,7,3,7,9,3,7,5,1,1,60,55,63,60,60,22,17,36,27,27,84.8,20.3,29.2,40,24.7,28,8.4,22.2,19.8,9.7,177,42,32,86,58,174,51,44,78,47,28.7,7.9,6.4,12.5,10.1,7,16,15,20,16,19,8,10,8,9,8,3,10,190
VIR0233,233,2016-04-28,7,40,55,15,40,80,95,15,3,3,5,5,3,3,7,9,5,1,5,1,2,60,58,52,55,57,25,25,25,25,27,27.4,32.2,25.9,45.2,41.9,14,10.7,12.8,17.7,15.7,42,51,60,85,64,30,53,61,85,52,6.4,10.9,11.5,16,10,7,20,24,22,24,25,9,10,11,11,13,3,10,250
VIR0234,234,2016-04-28,7,40,55,15,39,79,95,16,2,3,5,5,3,5,5,9,5,1,5,2,1,60,60,65,54,57,21,27,21,22,26,18.3,40.4,31.1,16.8,23.2,7.1,15.8,14.9,6.1,9.4,41,97,80,41,58,51,115,102,42,60,6.8,17.9,12.7,6.4,8.4,7,21,22,25,23,25,10,10,12,11,12,3,11,190
VIR0235,235,2016-04-28,7,40,61,21,40,80,97,17,3,7,5,3,7,5,5,7,5,1,5,1,2,60,70,53,50,50,25,30,25,24,23,22,24.4,27.9,16.8,31.3,12.5,16.2,15.6,8.2,17,44,53,56,37,70,48,56,59,42,72,5.2,5.8,7.7,4.4,6.5,7,14,16,15,16,15,7,8,8,8,10,3,10,150
VIR0236,236,2016-04-28,8,40,60,20,41,81,97,16,1,3,3,5,3,3,7,9,5,7,5,2,2,60,62,60,60,56,20,21,23,23,21,35,34.6,25.3,43.5,38.7,15.7,12.9,9.2,17.2,9,74,55,46,76,84,67,68,48,68,95,13.4,13.8,9.5,13.9,20.1,7,20,22,20,22,20,10,11,10,10,9,5,1,240
VIR0237,237,2016-04-28,8,39,67,28,42,81,98,17,2,3,3,3,3,3,7,9,5,7,5,1,2,53,50,53,60,60,23,22,21,27,27,28.6,26.5,36.4,30,76.6,12.9,11.6,10.7,11.9,26.6,58,59,86,55,118,46,63,74,48,92,9.1,11.1,16,10.7,22.8,7,19,20,20,18,18,10,9,10,9,10,3,11,210
VIR0238,238,2016-04-28,8,37,54,17,39,76,95,19,2,5,5,5,7,5,5,7,3,7,5,1,2,61,63,60,70,62,31,31,31,32,27,17.7,44.5,35.3,43.2,55.2,8.6,22.4,13.5,14.4,28.1,33,99,60,77,87,37,85,60,74,94,6.1,12.3,9.1,13.3,17.4,7,25,23,24,23,24,11,10,11,10,11,5,10,150
VIR0239,239,2016-04-28,8,40,61,21,39,79,92,13,1,3,3,7,3,1,9,9,5,7,5,1,2,50,50,50,53,60,17,20,17,23,22,74.6,135.6,53.2,47.5,115.2,25.6,42.1,28,18.7,42.9,97,58,72,55,98,57,182,77,38,88,33.8,66.2,22.6,15.8,40.6,5,25,30,25,30,30,12,16,13,15,16,5,1,400
VIR0240,240,2016-04-28,8,39,55,16,42,81,96,15,2,3,5,5,3,1,9,7,5,1,5,1,1,70,70,65,73,80,27,17,23,26,23,86.1,106.5,20.6,37,61.1,54.2,35.8,9.7,10.4,25.7,78,173,40,58,95,102,208,41,71,123,25.7,39.3,8.4,14,24.1,7,20,22,22,20,20,10,10,10,10,10,3,11,210
VIR0241,241,2016-04-28,7,36,54,18,43,79,90,11,3,7,5,5,7,3,7,7,5,1,5,1,1,50,50,50,52,60,25,20,21,20,20,14.1,16.7,12.3,53.9,31.5,6.5,6,5.1,19.6,12.2,53,46,35,167,77,32,63,37,159,86,4,7.1,4.3,18,12.4,7,19,20,20,20,20,8,9,9,9,9,3,10,240
VIR0242,242,2016-04-28,8,39,54,15,44,83,97,14,1,3,3,5,3,3,7,9,5,1,7,1,2,60,50,56,65,63,17,20,26,15,13,94.1,61.4,21.4,27.6,59.9,41,24.6,13.1,14.1,26.9,167,117,32,51,90,160,129,21,48,93,34.2,26.7,4.7,8.4,19.2,7,22,21,21,20,21,10,10,10,10,10,5,1,210
VIR0243,243,2016-04-28,8,39,61,22,42,81,95,14,1,3,5,5,3,5,5,9,5,1,7,1,2,56,63,56,55,50,20,16,12,15,15,30.2,71.8,66.1,23.3,57.8,14.4,20.6,21.4,7.4,20.9,76,159,153,58,121,75,169,150,60,96,9.7,30,28.3,8.8,15.2,7,17,22,21,21,21,8,10,10,10,10,5,1,150
VIR0244,244,2016-04-28,8,39,61,22,42,81,97,16,1,3,3,5,3,3,7,9,5,7,5,2,2,53,63,50,70,56,15,17,16,26,20,33.7,48.1,24,75.7,29.8,14.4,26.3,6.1,40.1,11.2,66,219,36,87,51,57,242,48,102,46,12.5,60,12.2,21.9,11.4,7,22,25,25,23,23,12,12,11,11,11,5,1,260
VIR0245,245,2016-04-28,7,33,55,22,48,81,97,16,3,3,5,7,3,5,5,9,5,7,5,2,1,50,52,60,60,50,15,16,30,17,17,49.5,29.7,23.6,92.8,54.4,18.3,7.1,11.3,27.8,23.6,95,59,31,142,109,125,70,38,174,128,23,13.9,7,29.4,21.3,7,22,23,22,25,21,12,12,12,12,10,3,11,230
VIR0246,246,2016-04-28,8,32,54,22,43,75,85,10,3,7,5,3,7,1,9,7,5,1,5,1,1,36,50,46,40,46,17,16,20,21,20,7.6,37.9,24.7,10.6,11.1,3.1,9.6,6.9,2.8,3.5,25,121,87,42,35,23,121,122,54,52,2.4,12.8,12.7,6.1,5.4,7,19,18,18,18,18,8,8,7,8,8,3,10,130
VIR0249,249,2016-04-28,8,37,67,30,44,81,101,20,2,3,3,3,3,3,7,7,5,1,5,1,2,65,73,52,67,65,19,16,17,23,14,79.4,50.6,23.6,53.2,45.3,23.3,18.3,11.4,16.2,10.4,129,104,64,124,100,23.3,18.3,11.4,16.2,10.4,27.8,17.2,6.6,16.5,16.1,7,15,20,17,16,18,7,9,7,7,8,5,11,195
VIR0250,250,2016-04-28,8,39,67,28,42,81,100,19,3,5,3,3,7,3,7,9,5,1,5,1,2,70,68,68,53,50,17,22,23,22,20,74,53.9,49.5,92.1,52.6,40.9,30.4,27,21.5,18.1,100,102,66,268,88,122,127,82,281,131,18.2,18.1,14.2,43.8,19,7,19,18,20,18,20,9,9,10,9,9,3,11,170
VIR0251,251,2016-04-28,8,40,67,27,40,80,101,21,1,3,3,3,3,3,7,9,5,1,5,1,2,53,55,56,60,60,17,20,17,20,26,34.8,67.6,31,50,154.9,7.2,22,11.2,12.9,47.2,58,98,70,106,293,65,118,62,121,191,17,30.1,13.9,25.1,60.3,7,20,20,25,20,20,10,10,12,10,10,5,1,250
VIR0252,252,2016-04-28,8,40,67,27,40,80,100,20,1,3,3,5,3,3,7,9,5,1,5,2,2,57,63,56,53,60,22,30,26,25,26,27.7,22.5,46,100.1,81.3,9.5,10.9,14,24.4,31.9,64,47,94,208,154,67,42,98,187,151,15,8.7,23.2,46.5,32.6,7,23,21,24,23,20,10,9,10,10,11,5,1,220
VIR0253,253,2016-04-28,8,40,67,27,40,80,89,9,3,7,3,3,7,3,7,9,5,1,5,2,2,52,47,45,50,50,18,30,30,23,18,24.8,9,11.8,15.9,13.6,11.8,4.2,3.4,5.5,7.1,57,24,40,41,53,66,31,50,64,70,6.7,2.8,5.3,6.7,7.5,7,19,16,16,17,19,7,8,7,9,8,5,10,120
VIR0254,254,2016-04-28,8,39,67,28,40,79,97,18,2,3,3,3,3,3,7,9,5,1,5,2,2,60,50,53,43,50,33,21,35,17,27,19.6,33,11.6,7.7,16.4,6.6,10.6,5.7,6,6.1,40,71,14,10,33,56,95,23,11,51,10.3,16.3,4.6,1.4,7.2,7,17,19,20,15,20,8,11,10,8,8,3,11,200
VIR0256,256,2016-04-28,8,39,67,28,43,82,100,18,1,3,5,5,3,1,9,9,5,1,5,2,2,60,70,65,62,55,19,23,19,27,20,109.3,50.5,58.7,28,95.4,53.1,20.1,34.1,10.6,48.2,163,106,79,54,145,168,104,98,53,145,30,21.8,17.7,12.4,29.5,7,21,20,20,22,20,9,10,11,8,19,5,1,210
VIR0257,257,2016-04-28,8,39,67,28,43,82,99,17,3,7,5,5,7,1,9,9,3,5,5,2,2,70,63,70,66,66,24,35,37,25,22,14.9,33.9,13.2,27.3,11.2,6.4,12.2,9.3,7.9,5.1,51,89,18,70,35,64,106,18,94,31,9.5,14,2.3,12.4,3.8,7,18,20,18,18,20,9,10,9,10,10,3,10,160
VIR0299,299,2016-04-28,8,37,53,16,40,77,98,21,3,7,3,5,7,1,9,7,3,1,5,2,2,55,65,60,55,54,15,14,20,15,13,24.1,51.1,38.4,51.6,20.6,9.2,21.3,21.4,26.2,4.4,44,131,56,82,47,52,91,54,62,47,8.4,25.3,15.4,15.5,9.9,7,20,20,22,21,21,10,11,10,11,10,3,10,195
VIR0300,300,2016-04-28,8,35,52,17,41,76,85,9,3,7,3,3,7,7,3,7,5,1,5,1,2,35,40,45,40,36,21,13,17,16,15,11.2,29.6,36.3,41.4,15.6,2.8,6.7,8.4,10.9,4.2,40,89,103,116,49,33,90,94,109,40,5.5,15.8,19.5,20.9,7.6,7,15,17,17,17,16,7,7,7,7,7,5,10,155
VIR0301,301,2016-04-28,8,36,54,18,40,76,85,9,3,7,5,3,7,7,3,7,5,1,5,1,2,36,36,30,40,43,13,9,17,17,19,40.8,15.2,10.9,10.3,12.3,7.9,4,3,3.1,3.7,128,43,34,33,40,144,49,37,41,44,21.2,7.1,6.1,5.8,6.8,7,17,17,15,18,19,9,10,8,9,10,3,10,160
VIR0302,302,2016-04-28,8,39,61,22,40,79,90,11,1,3,5,5,3,3,7,9,5,1,5,1,2,43,50,46,41,41,13,18,19,19,19,36.7,66.5,27.8,29,34.8,9.3,16.6,4.7,8.4,7.2,118,186,93,92,126,123,187,124,101,137,16.1,28.3,17.4,12.3,12.3,7,19,20,21,20,20,9,10,10,10,11,5,1,155
VIR0303,303,2016-04-28,8,42,63,21,37,79,90,11,1,3,3,5,3,1,9,9,5,1,7,1,2,56,60,50,50,53,15,19,18,22,19,69.5,98.2,42.1,53.3,70.8,42.7,41.2,14.3,18.9,42.2,67,110,65,95,73,54,111,64,91,68,18.3,42.4,20.1,29,22.4,7,26,25,20,21,23,13,12,11,10,12,3,1,295
VIR0306,306,2016-04-28,8,39,53,14,37,76,88,12,1,3,5,3,3,3,7,7,3,1,7,2,2,42,40,40,43,45,10,13,30,25,19,13.3,17.5,5.5,25,27.1,4.8,5,3,7.2,8.2,39,64,11,77,92,36,60,14,76,91,5,9.3,1.7,13,12.1,7,15,15,16,17,20,6,6,7,8,8,5,1,145
VIR0308,308,2016-04-28,8,39,55,16,38,77,91,14,1,3,3,3,3,3,7,7,3,1,7,2,2,50,43,40,40,50,25,17,25,22,20,14.2,35.9,17.9,15.8,38.6,5.8,12.2,7.7,4.3,12.8,30,77,38,40,98,45,105,54,55,132,6.2,13.9,7.6,6.8,18,7,22,22,20,20,20,10,10,10,10,10,3,1,145
VIR0312,312,2016-04-28,8,37,52,15,40,77,91,14,1,3,3,3,3,3,7,9,3,7,5,1,1,50,40,40,47,55,25,19,18,19,19,12.9,6,20.3,22.7,36.3,3.6,1.5,5,6.9,9.4,33,20,62,65,92,38,23,71,67,120,5.8,3.5,11,11.4,19.6,7,19,17,20,20,20,10,8,10,10,10,3,10,160
VIR0313,313,2016-04-28,8,39,52,13,39,78,93,15,7,3,3,3,7,5,5,9,3,1,5,1,1,40,50,40,35,43,16,15,20,17,17,22.3,21.3,22.2,15.8,53.9,6.8,10,5,4.9,14.5,93,70,60,49,172,93,50,74,53,205,7.8,4.4,8.5,6.2,23.1,7,18,18,18,19,20,7,8,7,8,9,3,10,115
VIR0314,314,2016-04-28,8,37,53,16,40,77,94,17,3,7,3,3,7,7,3,9,3,7,5,1,2,35,40,40,30,30,13,13,16,16,11,12,11.4,7,9.3,6.8,3.5,4.5,2.6,2.6,1.9,46,39,20,36,14,49,36,21,44,15,5.4,4.6,2.2,4.7,2.3,7,18,18,18,17,18,9,9,8,8,9,3,10,140
VIR0315,315,2016-04-28,8,39,53,14,38,77,94,17,3,7,5,3,7,7,3,9,3,1,5,1,2,30,30,31,35,32,21,19,17,21,17,3.1,5.3,6.7,7.6,4,1.1,1.4,2.1,2.9,1.5,15,25,27,34,22,17,28,31,27,19,1.6,2.5,3,2.6,1.8,7,17,15,15,18,15,7,7,8,8,8,3,10,115
VIR0325,325,2016-04-28,8,41,53,12,37,78,92,14,2,3,3,5,3,1,9,9,3,1,5,1,2,65,60,60,60,70,20,19,21,21,20,111.9,97,74.1,96.4,123.7,36.5,31.8,30.9,32.7,49.7,170,143,103,126,153,229,180,105,156,188,50.9,43.8,18.3,34.1,48.7,7,25,25,25,24,22,11,12,12,12,11,3,11,270
VIR0328,328,2016-04-28,29,26,32,6,31,57,71,14,1,3,3,3,3,3,7,5,5,1,5,2,2,55,50,56,50,52,30,26,30,19,25,19.1,14.6,32.9,15.7,22.1,7.7,3.7,8.4,7.3,8.3,36,34,84,48,49,34,35,81,48,47,7.9,7.3,17.4,7.9,8,7,19,23,22,22,23,10,11,10,11,10,3,1,225
VIR0336,336,2016-04-28,8,40,53,13,39,79,94,15,2,3,3,7,3,5,5,9,5,7,5,2,2,63,65,65,70,63,21,19,22,19,23,90.2,88.1,41.5,10.7,54.3,29.6,52.2,21.4,36.1,22.1,140,115,58,105,98,79,83,30,64,47,29.1,26.2,10.7,19.7,14,7,22,21,21,20,22,12,12,11,12,11,3,11,325
VIR0340,340,2016-04-28,8,39,55,16,39,78,90,12,1,3,3,5,3,1,9,7,5,7,5,2,1,62,60,65,60,60,20,20,21,22,22,74.2,78.5,119.8,97.1,76.3,18.4,22.1,41.5,47.6,23.2,121,118,191,141,103,146,122,200,120,94,42.4,37.8,55.4,39.2,35.1,7,26,21,23,23,22,12,11,13,12,12,5,1,310
VIR0345,345,2016-04-28,8,39,53,14,40,79,91,12,2,3,3,5,3,1,9,7,5,7,5,2,2,62,50,60,65,56,17,16,21,26,14,60.1,25.8,67.8,32.1,58.2,20.8,11.2,34.4,13,29,92,50,106,67,90,79,41,86,49,89,23.2,10.7,20.6,10.8,19.5,7,20,21,20,20,21,10,10,11,10,11,3,11,280
VIR0359,359,2016-04-28,8,38,53,15,41,79,94,15,1,3,3,5,3,1,9,9,5,1,5,2,2,52,55,56,50,55,20,26,20,22,17,37,24.5,36.8,20.5,41,15.6,9.6,18.2,5.7,22.8,73,43,53,45,70,71,45,44,50,63,19,12.9,12.8,11.1,16.1,7,20,21,21,21,20,9,11,10,10,10,7,1,240
VIR0360,360,2016-04-28,8,39,53,14,40,79,94,15,2,3,3,5,3,3,7,9,5,7,5,2,2,55,60,50,60,55,25,30,30,28,26,42.9,57.6,2637,31.7,20.7,19.5,25.7,19.2,12.4,11.2,57,85,22,46,23,56,76,21,51,29,15.8,22.2,5.2,13.1,6,7,21,21,21,23,21,11,10,11,11,11,3,11,265
VIR0363,363,2016-04-28,8,39,54,15,39,78,91,13,2,3,5,3,3,1,9,9,5,7,5,1,2,50,57,55,56,60,30,31,30,24,27,29,44.6,32.4,98.7,103.5,11.7,21.8,9.7,52.7,39.8,50,94,57,87,176,40,85,41,78,130,10,20.1,10.7,23.1,36.9,7,20,21,23,22,19,10,11,12,12,10,5,10,240
VIR0370,370,2016-04-28,8,39,53,14,39,78,92,14,3,7,5,5,7,1,9,9,5,1,5,2,2,70,53,56,53,70,25,26,25,35,26,140.5,13,18.4,26.4,53.4,77.3,4.2,7.8,5.5,28.8,264,32,35,53,71,280,28,28,58,76,61.1,6.1,6.5,11.6,15.1,7,20,19,19,20,20,10,9,10,10,11,3,10,245
VIR0371,371,2016-04-28,8,39,52,13,39,78,90,12,2,3,5,5,3,1,9,9,5,7,5,2,1,55,60,56,50,43,19,26,20,25,19,81.7,35.9,39.3,12,21.8,18.7,8.2,8,5.1,6,168,83,83,37,49,217,108,121,52,71,35.7,20.7,21.3,9,9.4,7,25,23,24,25,25,12,11,12,12,13,3,11,200
VIR0372,372,2016-04-28,8,38,52,14,39,77,90,13,1,3,5,5,3,1,9,9,5,7,5,2,1,60,72,53,60,53,23,13,30,20,25,47.5,45.5,15.3,21.4,76.1,23.3,20.5,8.5,7.5,34.8,86,85,28,41,114,94,29,29,55,103,19.4,20,5.2,10.8,32,7,22,20,20,21,23,10,10,9,10,13,3,1,210
VIR0373,373,2016-04-28,8,39,52,13,40,79,94,15,2,3,5,5,3,7,3,9,5,7,5,2,1,50,50,50,56,60,30,25,19,27,21,18,32.8,44.4,40.3,113.7,8.9,14,23.6,19.5,47.8,28,52,49,48,163,24,87,78,79,252,5.6,15.9,13.7,13.3,44,7,20,24,22,23,24,10,11,11,11,11,3,11,190
VIR0374,374,2016-04-28,8,41,54,13,37,78,93,15,2,3,5,5,3,1,9,9,5,7,5,1,2,52,60,60,67,60,33,20,19,30,20,26.2,62.7,63.4,75.7,84.7,18.4,42,26.4,43.7,37.2,42,77,136,138,149,44,86,169,169,130,7.6,15.1,28.3,27.8,28.2,7,19,19,20,19,20,9,9,10,9,10,3,11,190
VIR0375,375,2016-04-28,8,39,54,15,39,78,93,15,1,3,5,5,3,3,7,9,5,7,5,2,1,60,70,65,62,65,19,18,33,25,25,78.6,159.5,20.6,53.1,87.5,38.3,87,4.1,24.5,18.6,131,194,39,74,82,164,225,55,77,86,35.7,51.7,10.8,17,26.7,7,23,25,24,22,23,11,12,10,11,10,5,1,240
VIR0376,376,2016-04-28,8,39,54,15,40,79,94,15,1,3,5,5,3,5,5,7,3,1,5,1,2,55,62,56,62,50,19,20,23,23,22,150.8,45.4,30.7,21.8,37.1,97.6,11.6,7.1,8.9,23.2,240,46,33,45,34,251,59,28,30,19,65.6,13.5,7.6,7.1,4.8,7,23,23,22,23,20,12,10,10,12,10,5,1,255
VIR0377,377,2016-04-28,8,39,60,21,41,80,97,17,3,5,5,5,7,5,5,9,5,7,5,2,1,55,70,53,56,50,25,22,25,27,23,18.1,101.8,34.8,26.9,73.7,14.1,38.3,11.3,9.1,36,63,146,64,54,122,78,144,75,66,102,11.8,23.2,12,10.5,16.6,7,20,21,20,20,17,8,12,8,9,8,3,10,170
VIR0378,378,2016-04-28,8,40,60,20,40,80,97,17,3,3,5,5,3,5,5,9,5,7,5,1,2,55,75,72,60,60,26,35,33,27,31,37.9,44.3,65.2,29.2,84.6,13,24.8,34.6,21.2,32.7,64,63,75,24,127,53,40,51,19,103,17,12.8,15.6,5.1,24.5,7,20,20,20,23,22,10,10,11,12,11,3,11,270
VIR0380,380,2016-04-28,8,41,60,19,40,81,96,15,3,5,3,5,7,5,5,9,5,7,5,2,1,60,72,60,66,65,30,22,31,32,24,20.9,56.2,24.1,34.1,82.4,14.9,36.3,10.3,21.4,47.1,18,93,36,46,86,21,93,35,61,88,2.9,15.9,6,8.6,13.5,7,20,20,20,20,20,10,10,10,10,10,3,10,190
VIR0381,381,2016-04-28,8,40,60,20,41,81,96,15,2,3,5,3,3,5,5,7,5,1,5,2,2,50,50,60,60,50,23,24,20,32,30,15.8,37.2,47,8.3,10.1,8,10,11.2,3.1,5.2,30,90,122,20,38,25,65,95,16,28,5.2,14.2,21.3,2.8,4.4,7,18,21,21,19,20,9,10,10,9,9,3,11,200
VIR0382,382,2016-04-28,8,39,53,14,40,79,92,13,2,3,5,5,3,5,5,7,5,7,5,2,2,50,53,64,60,70,14,19,20,19,23,19,53.3,57.3,31.9,60.6,11.3,23.1,25.3,21.4,31.7,44,69,82,26,66,33,48,71,23,60,8.6,12.4,19,6.9,17.2,7,25,23,24,25,25,11,11,11,12,12,3,10,300
VIR0383,383,2016-04-28,8,39,52,13,40,79,92,13,1,3,5,7,3,5,5,9,5,7,5,2,2,55,60,56,60,50,20,25,19,20,18,90.8,31.6,113.6,46.5,64.2,32,14.7,17.3,17.8,27.3,93,36,59,39,72,89,32,59,49,64,31.1,12,21.3,19,23.5,5,24,24,26,25,20,12,12,14,12,14,3,1,435
VIR0400,400,2016-04-28,29,31,40,9,31,62,80,18,2,3,5,3,3,1,9,9,5,7,5,2,2,50,56,60,55,52,22,21,30,26,25,38.8,131.8,33.3,106,57.5,21.2,68.7,17.3,54.5,27.3,58,196,47,41,85,50,222,47,152,94,12.3,46.3,10.3,31.1,19,7,20,20,20,20,24,10,10,10,10,12,5,2,210
VIR0407,407,2016-04-28,8,40,75,35,47,87,106,19,3,7,3,3,7,7,3,9,5,7,5,1,1,50,55,56,55,55,27,25,27,26,27,11.1,23.3,32.7,35.2,146.8,4.3,11.2,17.4,12.8,58.7,20,46,36,67,240,25,42,42,73,263,5.1,7.7,8.2,14.5,53.4,7,20,18,18,20,21,11,10,11,10,11,3,11,190
VIR0408,408,2016-04-28,8,39,55,16,40,79,92,13,1,3,3,5,3,7,3,9,5,7,5,2,2,60,56,60,50,55,27,20,20,22,25,54.2,78.7,77.2,32.9,75.2,18.6,31,29.6,9.4,29.5,126,139,204,75,204,124,148,188,78,180,21,24.3,34,12.3,31.5,7,20,21,20,21,20,10,11,10,11,10,5,1,200
VIR0409,409,2016-04-28,8,39,55,16,40,79,90,11,1,3,5,3,3,7,3,9,5,1,5,1,1,50,40,40,45,45,25,17,21,19,19,25.7,13.2,8.1,28.3,20.5,9.2,3.5,2.9,8,63.5,129,68,32,118,93,86,57,26,104,79,7.5,5.3,2.6,10.7,7.5,7,20,19,18,19,20,10,9,9,10,10,3,1,110
VIR0412,412,2016-04-28,8,36,53,17,45,81,94,13,3,7,5,3,7,7,3,9,5,1,5,1,1,30,35,35,40,40,14,17,17,30,17,4.1,4.4,3.7,2.9,6.8,2.3,2.8,2,1.7,4.2,22,16,18,13,33,6,3,5,2,13,0.3,0.1,0.2,0.1,1.1,7,17,17,17,17,17,8,8,8,8,8,3,10,110
VIR0413,413,2016-04-28,8,36,53,17,44,80,92,12,3,7,5,3,7,7,3,9,5,1,5,1,1,30,30,40,33,35,23,23,20,20,20,2.1,4,6.3,7.1,4.7,1.6,1.6,3.4,3.5,2.3,8,12,22,26,26,3,11,12,16,5,0.2,0.8,0.9,1.3,0.5,7,17,18,17,17,17,8,8,8,8,8,3,10,110
VIR0414,414,2016-04-28,8,35,52,17,45,80,92,12,3,7,5,3,7,7,3,9,5,1,5,1,1,40,35,35,40,30,16,16,17,20,17,11,9.8,7.7,5.9,8.1,6.9,5,5.1,3.3,3.6,44,34,29,28,28,18,18,10,20,15,1.7,1.6,0.6,1.4,1.4,7,19,16,16,16,16,8,7,8,7,6,3,14,110
VIR0453,453,2016-04-28,13,34,47,13,41,75,90,15,1,3,3,7,3,7,3,9,5,1,5,1,1,55,45,40,43,35,26,30,30,27,26,118.2,14.6,15.6,16.3,7.8,109.2,13.6,15,12.1,7.1,20,3,1,7,2,10,2,1,7,2,2.4,0.7,0.3,2.4,0.1,5,23,25,25,30,25,13,14,14,15,13,5,1,220
VIR0454,454,2016-04-28,8,39,52,13,41,80,95,15,1,3,3,5,3,7,3,9,5,7,5,1,2,50,50,50,50,50,26,27,26,30,24,14.9,19.2,8.5,17.4,11,6.9,12.8,4.7,13.3,8.6,26,18,13,20,3,10,12,9,6,2,4.5,3.8,2.3,1.7,1.6,5,25,25,25,25,23,13,14,12,13,12,3,1,260
VIR0460,460,2016-04-28,8,39,52,13,41,80,97,17,1,3,5,5,3,5,5,9,5,7,7,2,1,50,55,51,60,50,20,25,20,28,29,33.6,11.4,19.7,26.9,12.2,14.5,8.6,9.6,18.2,8.5,62,14,30,30,14,52,6,30,20,13,10.5,11,6,2.9,2,5,23,25,25,24,25,12,12,12,11,13,7,1,240
VIR0464,464,2016-04-28,8,39,53,14,41,80,92,12,3,5,5,3,7,3,7,9,5,7,7,2,1,50,50,55,50,40,30,28,23,24,23,12,22,49.6,17.9,42.4,5.3,15.6,20.3,10.7,22.6,22,20,97,28,59,22,26,106,10,73,4.3,4.2,18.5,2.4,13.7,7,19,20,20,18,19,9,10,10,9,10,3,11,190
VIR0467,467,2016-04-28,10,37,50,13,41,78,93,15,1,3,3,7,3,5,5,9,5,7,7,2,1,50,56,61,60,60,20,18,20,13,25,20.2,30,63.8,40,124.9,9,13.5,16.3,19.3,67.5,23,31,42,40,106,15,38,20,26,99,4.8,11.8,7.8,9,35.2,5,25,25,25,25,24,12,14,15,13,11,5,1,390
VIR0471,471,2016-04-28,8,36,53,17,44,80,94,14,3,7,5,5,7,7,3,9,5,7,7,2,1,50,56,60,60,65,14,20,17,17,15,32.6,55.6,39.4,32.3,86.1,16.7,14.5,22.4,24.2,38.5,88,55,124,78,147,49,21,87,44,126,11.8,10.2,18.4,8.2,31.5,7,21,22,21,22,21,10,11,11,10,10,3,11,250
VIR0472,472,2016-04-28,8,36,54,18,44,80,94,14,3,7,3,5,7,7,3,9,5,7,7,1,1,50,43,45,46,43,13,11,17,20,20,63.6,38.9,17.5,22,15.8,24.6,14.1,5.5,14,8.1,127,77,35,48,30,131,93,31,25,28,21.1,16.1,4.3,5.2,4.6,7,21,19,18,16,19,10,9,8,8,8,3,11,210
VIR0473,473,2016-04-28,8,37,55,18,43,80,92,12,3,3,3,5,3,3,7,9,5,7,7,1,2,57,56,40,50,62,26,20,20,20,20,40.7,21,10.7,22.1,65.8,20.8,10.7,4.3,8.1,26.7,68,34,24,46,116,67,27,16,37,105,15.4,6,3.5,9.7,27.6,7,18,18,18,19,19,9,9,8,8,9,5,10,255
VIR0474,474,2016-04-28,8,39,55,16,40,79,91,12,3,7,3,5,7,7,3,9,5,7,7,1,2,55,50,60,45,46,20,23,20,17,25,45.3,13.9,35.3,46.1,22.9,18.8,6.4,19.6,19.3,9.2,66,20,48,74,42,82,15,40,71,42,16.6,3.4,7.6,16,8.3,7,25,25,25,22,22,12,12,12,12,12,3,10,250
VIR0482,482,2016-04-28,8,39,53,14,41,80,94,14,3,7,5,3,7,7,3,7,5,1,5,1,1,55,45,47,52,55,20,25,25,20,22,55.9,19.8,14.5,18.3,47.1,21.4,8.5,5.5,9,17.1,151,38,45,45,118,131,43,42,33,97,17.1,7.3,6.3,5.5,18.6,7,21,21,20,19,21,11,11,10,10,11,3,11,160
VIR0483,483,2016-04-28,8,39,53,14,41,80,94,14,3,7,5,3,7,7,3,9,5,7,5,2,2,40,50,56,52,60,20,20,21,21,19,9.3,13.9,41,16.5,9.4,6.3,9.2,15.5,6.5,4.6,20,21,85,45,23,16,20,87,37,21,2.5,3.1,16.9,6.3,3.3,7,19,20,20,20,21,8,9,10,11,8,3,11,225
VIR0533,533,2016-04-28,8,39,53,14,42,81,95,14,1,3,5,7,3,5,5,9,5,7,7,2,1,60,55,53,65,60,17,15,26,20,21,87.9,38.2,20.2,87.3,80.2,34.6,16.6,11.5,42.5,27.5,87,39,17,81,77,74,35,12,52,74,31.2,13.7,3.5,21.5,28.5,5,25,22,24,25,27,13,14,13,14,14,5,1,475
VIR0535,535,2016-04-28,8,39,53,14,41,80,93,13,1,3,3,5,3,7,3,9,5,7,5,2,2,50,46,56,56,55,15,30,30,26,25,34.6,9.4,19.1,18.5,45.3,15.7,3.5,10.5,12.7,17.5,48,11,20,16,56,25,18,19,3,53,9.1,4.1,5.9,1.4,19.3,5,25,24,25,24,25,14,12,13,12,15,5,1,345
VIR0539,539,2016-04-28,8,39,54,15,41,80,95,15,3,7,3,5,7,5,5,9,5,7,7,2,1,62,63,50,52,62,24,30,31,24,30,18.5,30,17.6,32.4,71.3,10.6,16.1,17,12.7,31.8,22,35,10,42,65,14,28,4,31,13,4,8.8,2.2,10.3,3.5,7,21,23,21,21,24,10,11,10,12,13,3,11,290
VIR0540,540,2016-04-28,9,40,59,19,43,83,95,12,3,7,5,5,7,5,5,9,5,7,7,2,2,50,46,56,52,52,15,20,25,21,22,24.7,35.4,86.2,36.2,24.7,11.6,13.5,32.2,14.2,15.8,43,62,131,45,33,31,40,90,39,23,9.1,11.6,29.8,10.9,5.7,7,21,22,22,25,22,11,11,10,12,10,3,11,260
VIR0542,542,2016-04-28,8,39,53,14,40,79,94,15,1,3,3,5,3,5,5,9,5,7,5,2,1,50,55,56,50,50,21,23,17,23,25,16.9,24.7,35.1,25.4,18.6,5.8,11.5,15.2,11.5,10.8,23,35,47,32,21,18,32,43,29,15,4.7,8.1,11.6,10.3,5.1,7,21,21,22,21,21,11,10,11,11,11,5,1,265
VIR0543,543,2016-05-18,9,29,33,4,31,60,75,15,1,3,5,3,3,1,9,9,5,7,5,2,2,43,50,45,43,47,17,20,25,22,20,30.2,28.2,40.2,14,74.1,24.7,14.8,21,8.2,37.1,30,38,30,16,83,20,35,31,18,68,5.1,8.1,7.6,5.8,20.3,7,22,23,22,23,23,11,11,12,12,13,5,1,245
VIR0545,545,2016-04-28,8,39,52,13,41,80,94,14,1,3,3,3,3,3,7,9,5,5,5,2,2,60,53,50,53,56,18,31,23,20,20,48.9,19,28.2,36,58.8,19.5,8.9,17,12.7,26.8,111,39,39,84,110,108,42,39,95,111,17.5,7.6,7.3,16.6,17.8,7,22,22,22,22,20,9,9,9,10,10,7,1,200
VIR0584,584,2016-04-28,8,39,52,13,40,79,93,14,1,3,3,5,3,5,5,9,5,7,5,2,2,65,55,60,61,53,19,25,23,21,19,49.7,20.6,39.9,114.5,23.7,24.5,9.7,18.2,36.5,10.5,80,26,68,165,32,58,17,58,146,22,14.2,6.4,19.6,52.6,8.7,7,25,25,24,22,24,13,13,12,11,13,3,1,310
VIR0586,586,2016-04-28,8,40,53,13,39,79,93,14,1,3,3,5,3,1,9,9,5,7,5,1,2,50,65,56,56,55,22,24,24,25,22,92.8,51,104.1,45,83.2,35.8,17.2,36.3,12.9,32.2,11,95,155,68,114,118,91,133,70,138,28,22.9,36.2,15.8,34.5,7,21,21,21,22,22,11,11,11,11,11,5,1,275
VIR0587,587,2016-04-28,8,36,53,17,44,80,96,16,3,7,5,3,7,3,7,7,5,5,5,2,2,56,55,53,56,53,17,18,25,27,24,25.3,35.1,27.3,14.9,21.3,10.2,14.7,12.6,8.4,14.4,62,84,46,48,42,50,84,55,43,42,8.7,12.4,8.7,6.7,6.7,7,21,22,22,22,20,11,11,10,10,10,3,11,200
VIR0588,588,2016-04-28,8,39,54,15,40,79,93,14,3,3,3,3,3,1,9,7,5,5,5,2,1,67,60,70,62,67,28,26,27,26,21,87.7,34,45.6,36.7,77.2,41.5,12.9,26.3,18.2,52.8,126,61,47,60,117,106,53,52,41,91,30.3,14.5,11.5,12.7,23.8,7,20,23,22,21,22,10,10,12,10,11,3,11,285
VIR0589,589,2016-04-28,8,39,54,15,41,80,97,17,1,3,3,7,3,5,5,7,5,7,7,2,1,56,56,56,57,65,17,23,20,20,30,57.1,62.2,25.8,25.1,36.7,35,31,13.8,8.1,36.3,84,62,26,29,67,35,36,22,19,37,10.9,11.9,6.5,5.6,11.8,5,21,26,24,30,26,10,13,12,15,14,3,1,350
VIR0597,597,2016-04-28,8,39,54,15,41,80,93,13,3,3,3,3,3,3,7,7,5,7,7,2,2,52,50,55,50,56,18,26,27,26,31,45.5,26.6,35.2,56.7,41.6,13.2,7.9,9.9,20.5,16,108,59,89,107,70,72,46,46,59,46,19.7,12.3,14.7,18.5,14.2,7,21,20,21,20,20,10,10,11,11,10,5,11,295
VIR0601,601,2016-04-28,8,39,52,13,42,81,97,16,3,3,5,5,3,5,5,7,5,7,7,2,1,55,53,53,52,52,23,20,23,23,23,64.6,25.9,18.8,14.7,33.6,26.7,14.1,8.3,9.1,14,100,31,27,21,55,62,23,14,11,47,18,8.5,4.9,3.8,14.5,5,23,24,26,26,25,12,11,13,13,12,5,11,275
VIR0605,605,2016-04-28,8,39,52,13,41,80,94,14,1,3,3,5,3,5,5,7,5,7,7,2,1,40,56,56,53,56,15,21,21,21,15,67.3,38.4,16.5,44.6,40.3,31.5,18.4,6.8,16.1,20,92,46,21,63,43,71,40,22,50,24,21.5,12.7,7,18,7.2,7,25,25,23,25,24,12,12,12,12,11,3,1,315
VIR0620,620,2016-04-28,8,41,52,11,41,82,98,16,3,3,3,5,7,5,5,7,5,7,7,2,1,60,56,67,62,60,15,21,27,24,21,52.6,25.3,45.6,99.5,105.3,22.9,11.3,16.5,35.8,51.5,55,20,51,89,89,49,21,44,36,78,19.7,8.9,18.4,37.3,32.8,5,25,28,27,25,23,14,13,14,13,12,3,10,450
VIR0623,623,2016-04-28,8,39,53,14,41,80,94,14,1,3,3,3,3,3,7,3,7,7,7,1,2,47,50,40,50,45,17,22,19,17,20,15.9,13.3,12.4,29.7,20,5,5.6,5,9.6,10.2,38,28,32,61,38,23,18,26,43,35,6.4,5.3,4.8,13,7.7,7,20,19,18,23,20,7,8,8,10,8,5,1,230
VIR0626,626,2016-04-28,8,37,55,18,44,81,97,16,3,5,3,3,7,5,5,3,7,7,7,1,2,51,62,62,50,66,31,27,24,20,25,27.7,34,45,41.7,42.8,18.9,20.7,28.2,21.9,24.9,10,26,36,34,33,5,8,25,23,27,4.6,8.3,9.9,11.7,14.4,5,29,25,25,25,27,14,12,12,13,13,3,10,420
VIR0627,627,2016-04-28,8,39,53,14,42,81,97,16,1,3,5,5,3,1,9,3,7,7,7,2,2,56,56,65,60,56,17,17,18,19,19,41.2,50,77.2,32.2,34.8,25,27.2,38.3,11,15.1,84,68,78,42,55,63,44,61,37,44,16.1,9.8,21,11.5,12.8,5,25,23,24,25,25,17,12,12,12,12,3,1,310
VIR0628,628,2016-04-28,8,39,55,16,40,79,96,17,3,5,5,5,7,3,7,3,7,7,5,2,1,50,45,50,50,50,10,13,18,13,10,71.7,54.9,61.8,34.4,56.7,36.7,27.5,70.3,26.5,29.4,129,101,84,107,82,86,77,81,80,91,17.9,17.9,16.1,17.1,15.5,7,20,19,19,20,20,11,7,8,8,9,5,1,220
VIR0632,632,2016-04-28,9,38,51,13,42,80,97,17,1,3,3,5,3,5,5,9,5,7,5,1,1,40,55,45,40,50,15,24,16,25,10,25.8,152.5,90.7,14.5,61.4,8,60,26,5.3,29.8,43,262,154,22,82,33,124,106,20,69,8.8,19.9,28.3,5.5,15,7,21,19,20,20,23,10,9,10,10,10,5,1,275
VIR0633,633,2016-04-28,8,39,52,13,40,79,94,15,1,3,5,5,3,5,5,5,7,7,5,2,2,54,56,46,56,56,26,28,27,26,27,53.6,13.6,13.8,21.4,36.1,17.9,5.5,4.6,6.3,17.6,68,17,21,35,42,40,6,13,21,18,24.7,3.5,5.7,10.3,9.8,5,26,25,24,24,26,12,13,12,13,13,5,1,420
VIR0634,634,2016-04-28,8,39,53,14,42,81,98,17,1,3,3,5,3,3,7,9,7,7,5,2,2,55,55,54,55,60,17,16,22,17,23,124.4,46.4,57.8,118.5,36.5,47.3,16,33.6,71.5,25.5,165,70,66,129,46,95,43,36,66,19,39.3,13.7,12.6,29.2,7.1,5,25,23,22,21,23,13,13,12,12,12,5,1,385
VIR0635,635,2016-04-28,8,39,55,16,42,81,98,17,3,5,5,5,7,5,5,9,7,7,7,2,2,52,57,53,56,50,22,24,27,26,33,22.3,18,23,15.2,14.2,12.1,13.2,10.1,8.3,8.6,31,21,18,35,14,17,20,16,37,20,6,3.8,4,9.5,3.6,7,22,22,25,25,25,11,11,11,11,12,3,11,220
VIR0638,638,2016-04-28,8,39,55,16,41,80,95,15,3,5,5,5,7,3,7,9,7,7,7,2,2,50,62,50,53,53,27,27,25,22,22,12.1,45.6,54.6,21.2,6.3,2.7,10,14,5.2,2.1,28,105,130,48,12,36,108,149,55,17,7.2,23,24.5,10.4,3.1,7,21,23,21,20,19,11,10,10,10,8,3,11,225
VIR0641,641,2016-04-28,9,38,52,14,41,79,95,16,1,3,3,5,3,5,5,9,7,7,5,2,2,43,46,55,45,50,11,16,19,19,20,36.9,66.9,50.7,17.5,124.1,12.8,33.1,20.4,9.9,48.4,65,77,74,23,204,35,40,45,12,118,15.6,12.2,16.6,4.5,44.3,7,22,20,22,25,23,12,9,11,12,13,5,1,340
VIR0642,642,2016-04-28,8,39,55,16,38,77,89,12,3,5,5,5,7,3,7,9,7,7,5,1,2,48,52,50,43,43,26,15,26,24,21,15.1,24.1,15.9,7.9,19.6,8.3,8.5,7.2,4.7,3.2,27,63,33,13,26,16,55,32,14,25,2.9,10.2,5.6,2.3,4.5,7,22,20,22,21,23,10,10,10,11,11,3,10,230
VIR0643,643,2016-04-28,8,39,53,14,40,79,93,14,1,3,5,5,3,1,9,9,5,7,5,2,1,50,56,70,60,56,26,26,26,27,28,22.4,15,84.7,26.8,30.7,6.4,5.3,26.9,12.5,13.5,41,26,131,45,43,21,13,92,24,25,9.6,5.3,35.4,8,6.9,7,25,23,26,26,26,12,12,12,11,11,5,1,405
VIR0667,667,2016-04-28,8,36,53,17,43,79,89,10,3,5,5,5,7,5,5,9,5,7,7,2,1,50,50,45,50,50,26,28,21,20,26,5.1,8.4,6.3,20.9,20.3,2.4,5.2,4.2,17.6,10.4,10,16,13,35,33,8,19,6,16,33,2.8,2.6,0.9,3.2,5.5,7,21,20,20,22,21,10,10,11,10,11,5,10,240
VIR0668,668,2016-04-28,8,39,53,14,38,77,87,10,3,5,5,5,7,5,5,7,5,7,5,2,1,45,50,50,43,52,21,19,20,22,23,16,11.2,12.6,7.8,6.1,7.6,4.2,5.3,3.7,5.2,28,25,19,13,4,28,25,24,17,1,5,4.1,4,1.8,0.1,7,25,21,24,25,22,12,10,11,12,12,5,10,195
VIR0669,669,2016-04-28,8,39,53,14,40,79,97,18,1,3,3,5,3,5,5,7,5,7,5,2,1,67,60,53,60,55,23,17,21,27,20,25.9,47.1,42.7,57,101.4,16.8,25.9,22.2,27.3,42.7,18,47,47,72,173,10,31,24,37,88,4,10.8,9.8,18.1,40.9,5,24,27,29,25,25,12,13,15,13,12,3,1,335
VIR0676,676,2016-04-28,8,39,53,14,42,81,98,17,1,3,5,5,3,7,3,9,5,7,7,2,1,55,53,70,55,60,20,26,25,27,32,14.1,15.2,45.1,24.6,28.2,10.8,14.4,31.7,18.9,23.6,12,2,32,11,12,3,1,4,8,7,1,0.1,6.6,3.5,2.3,3,40,36,40,40,40,9,9,9,9,9,5,1,400
VIR0691,691,2016-04-28,8,34,53,19,46,80,94,14,3,5,3,5,7,5,5,9,5,7,5,2,1,43,45,43,52,50,18,22,21,17,17,12.4,5.4,9.6,16.7,14.1,6.7,3.7,6.2,9.4,6.6,34,16,28,53,54,35,5,25,43,52,2.9,0.6,2.2,4,3.7,7,20,20,18,17,19,7,7,7,7,9,3,10,105
VIR0704,704,2016-04-28,7,40,54,14,41,81,94,13,3,5,5,5,7,3,7,9,5,7,5,1,1,60,53,55,45,50,23,21,19,19,16,29.2,19.4,26.3,12.2,23.6,11.1,13.5,13.4,6.7,16.1,81,45,63,34,53,68,41,65,28,44,10.6,6.2,10.6,2.9,5,7,20,20,22,20,20,10,10,10,10,10,3,11,180
VIR0735,735,2016-04-28,8,34,53,19,46,80,93,13,3,5,5,3,7,3,7,7,5,7,7,2,1,45,48,60,40,40,18,25,17,13,16,14.2,8.5,27.5,5.6,11.9,5.4,4.3,7.9,2,3.3,36,24,86,23,39,49,24,103,49,21,6.5,3.4,12.6,2.3,4.9,7,21,20,20,20,19,10,9,8,8,8,3,12,155
VIR0736,736,2016-04-28,7,35,54,19,46,81,94,13,3,7,5,3,7,1,9,9,5,7,7,2,1,55,46,60,50,61,18,19,22,12,11,28.5,11.3,12.9,22.4,34.4,9.1,3.5,5.9,6.6,9.7,105,35,40,83,129,119,38,38,100,129,14.3,4.6,4.4,10.9,16.5,7,19,18,19,20,19,10,9,9,9,9,3,10,145
VIR0737,737,2016-04-28,8,34,52,18,45,79,94,15,3,5,3,3,7,3,7,7,3,7,5,2,1,53,40,42,50,45,17,22,21,15,17,19.6,6.5,11,16.9,18.1,6.6,2.2,3.8,4.8,3.4,71,21,38,67,67,64,26,40,80,69,8.3,3.1,4.6,8.9,9.5,7,19,18,18,18,18,9,9,8,9,8,3,13,150
VIR0738,738,2016-04-28,8,39,55,16,41,80,98,18,3,3,5,5,3,5,5,7,3,7,5,2,2,60,57,65,65,60,27,27,35,35,25,23.7,25.5,11.3,14.6,80.3,11.7,14.7,7.7,7.8,40.8,38,98,10,17,127,22,24,10,12,104,7.6,5.3,2,4.4,23.4,7,25,21,25,25,22,11,11,12,11,10,3,11,225
VIR0742,742,2016-04-28,7,35,54,19,46,81,94,13,3,7,5,5,7,1,9,7,3,7,5,2,2,53,42,57,50,50,20,19,21,16,17,16.7,7.7,6.4,25.8,20.3,5,2.5,2.8,5.8,6.5,47,25,15,86,70,56,25,17,98,75,7.7,3.4,2.2,14.1,8.6,7,18,18,18,19,18,8,7,8,8,7,3,10,170
VIR0765,765,2016-04-28,8,35,52,17,43,78,91,13,3,7,5,5,7,1,9,9,3,7,5,2,2,55,55,60,50,60,20,20,17,15,10,17.4,11.7,17.7,16.9,32.5,5.7,4.3,6.9,3.6,9.9,59,38,54,55,146,49,43,38,62,90,7.3,5.2,4.9,9,14,7,18,18,18,18,17,8,8,7,8,6,3,11,145
VIR0773,773,2016-04-28,8,39,60,21,42,81,92,11,3,7,7,3,3,3,7,9,5,1,5,1,1,40,40,50,38,43,21,22,21,19,16,9.3,5.4,8.9,5.7,18,4.8,3.1,4.3,2.8,8.5,42,14,38,23,71,32,11,30,13,42,3,0.8,2.7,1.5,4.2,7,16,15,15,15,16,6,6,6,6,7,3,10,115
VIR0774,774,2016-04-28,8,39,53,14,42,81,98,17,1,3,3,7,3,1,9,9,5,1,5,2,1,60,53,43,60,60,30,27,21,27,26,15.5,30.9,20.3,14.5,106.9,9.5,12.4,10,10.4,42.6,14,39,26,19,128,9,28,15,12,80,4,13.2,4.7,4,35.9,7,24,24,26,25,26,12,12,13,13,12,5,1,415
VIR0776,776,2016-04-28,8,40,52,12,42,82,101,19,1,3,3,5,3,1,9,9,5,1,5,2,1,73,65,63,60,60,40,26,19,27,27,28.9,38.5,30.1,24.4,31.4,19.1,20,19.7,15.3,21.4,28,38,18,18,23,22,28,17,12,14,8.7,9.5,7.4,5.3,5.6,5,30,26,26,24,24,15,15,13,16,12,5,1,415
VIR0787,787,2016-04-28,8,43,67,24,35,78,94,16,3,5,5,5,7,1,9,9,5,1,5,2,2,50,53,56,60,61,30,33,33,28,26,7.6,5.8,11.3,27.3,51.8,3.5,9.3,6.6,11.9,25,10,8,10,39,66,8,6,11,37,67,2.8,1.8,3,10.2,15.1,7,20,19,20,24,20,11,10,10,12,12,7,12,290
VIR0790,790,2016-04-28,8,40,53,13,37,77,92,15,1,3,5,5,3,1,9,9,5,7,7,2,2,60,60,60,60,60,30,33,25,33,32,68.8,33.7,27.7,17.2,22.4,43,16.4,15.6,7.9,9,46,29,22,19,22,39,19,17,19,19,15.9,9.9,7.6,9,8.9,5,26,24,25,24,26,14,15,14,14,15,3,1,410
VIR0794,794,2016-04-28,8,42,63,21,40,82,102,20,1,3,3,5,3,1,9,9,5,7,7,2,2,57,60,60,65,60,28,30,35,35,30,23.7,33.7,21,26.4,47.6,11.8,20.7,13.7,13.8,28,21,28,16,20,26,17,16,15,15,19,8.5,6.8,6.6,7.8,8.7,5,24,25,24,23,23,12,14,13,13,12,3,1,445
VIR0795,795,2016-04-28,8,41,63,22,38,79,96,17,3,3,5,3,7,1,9,9,3,1,5,1,2,53,55,53,56,50,25,27,23,26,27,19.5,9.9,33.3,21.7,16.1,8.7,3.8,10.7,10.6,7.3,36,22,66,39,25,28,19,73,26,32,7.1,4.9,17.4,6.9,7,7,20,22,23,20,25,11,10,11,11,11,3,11,225
VIR0796,796,2016-04-28,8,39,60,21,43,82,94,12,3,3,5,3,3,7,3,9,3,7,5,1,1,50,50,50,55,50,22,25,25,25,20,15,13.6,21,24.2,29.9,8.4,5,10.7,11.7,13.6,20,32,43,44,50,27,35,39,48,62,5.2,6.7,5.6,7,10,7,24,19,22,20,20,12,9,9,9,10,3,11,220
VIR0797,797,2016-04-28,8,37,60,23,45,82,96,14,1,3,5,3,3,7,3,9,3,1,5,2,2,40,53,40,55,50,22,24,19,25,22,11.5,12.5,15,24.2,30.5,8.4,4.4,7.4,12.1,14.5,24,32,43,75,37,14,27,25,49,59,1.5,3.7,3.1,7.3,7.6,7,16,16,15,17,16,6,6,6,6,7,5,1,160
VIR0798,798,2016-04-28,8,43,67,24,38,81,94,13,1,3,5,5,3,1,9,9,3,1,5,2,2,65,53,73,50,36,33,35,35,25,23,61.4,36.9,61.1,16.7,21.4,28,17.6,20.5,6.9,9.2,69,50,86,30,31,44,32,56,17,19,23.7,11.3,27.2,5.6,7.7,7,30,27,28,25,26,12,10,12,10,10,5,1,400
VIR0799,799,2016-04-28,8,39,67,28,44,83,98,15,1,3,3,5,3,7,3,9,3,1,5,2,2,50,50,50,45,50,20,20,27,27,19,15.5,40.9,12.3,7.5,57.7,7.2,13.5,4.9,4,17.2,25,72,24,12,112,22,45,14,8,71,6,15.1,5.3,2.3,24.4,5,24,25,24,25,25,11,13,9,12,14,5,1,150
VIR0801,801,2016-04-28,8,39,60,21,43,82,97,15,3,5,3,3,3,7,3,9,3,1,5,2,1,50,45,60,50,60,23,25,20,22,23,15.7,17.9,22.4,24.8,63.5,6.7,7.7,11.7,9.8,22.3,35,50,37,52,146,38,48,38,51,130,6.4,7.9,6.4,10.3,24.3,7,22,22,22,21,22,9,10,11,11,11,3,11,200
VIR0802,802,2016-04-28,8,39,67,28,47,86,100,14,3,3,3,3,3,7,3,9,3,1,5,1,1,60,55,56,53,45,21,19,27,22,16,46.7,51.1,21.9,42.1,24.4,16.1,20.2,10.6,18.1,8.6,100,100,38,71,51,89,80,35,59,34,20.6,21.4,9.8,16.3,9.4,7,21,24,24,25,23,9,8,10,10,10,7,12,205
VIR0804,804,2016-04-28,9,47,66,19,39,86,102,16,1,3,3,5,3,7,3,9,3,1,5,2,1,53,60,60,60,60,19,21,19,21,19,43.2,85.4,50.3,75.4,88,27.8,63.2,25.1,46.5,32,39,72,56,59,101,24,33,46,34,95,5.7,11.9,17.3,10.4,37.5,7,30,27,27,25,26,13,12,12,12,11,5,1,330
VIR0807,807,2016-04-28,8,38,55,17,42,80,94,14,1,3,5,3,3,7,3,9,3,1,5,2,2,45,43,50,47,45,21,19,24,22,21,18.9,25.3,40.6,20.9,22.8,7,11.7,12.6,6.9,8,60,50,105,49,54,36,36,80,44,40,6.6,6.1,19.5,9.3,9.6,7,18,20,20,20,20,7,9,8,8,8,5,1,190
VIR0810,810,2016-04-28,8,35,55,20,38,73,83,10,1,3,3,5,3,5,5,7,3,1,5,2,1,50,45,50,45,45,27,23,27,27,27,7.4,10.9,6.9,5.3,6.1,4.7,4.6,2.8,3.5,3,15,28,17,7,15,14,32,21,9,12,1.7,3.9,2.7,0.9,1.9,7,20,20,20,20,18,12,9,10,11,9,5,2,135
VIR0813,813,2016-04-28,8,37,55,18,23,60,97,37,1,3,5,5,3,7,3,9,5,7,5,1,2,55,50,55,53,60,21,22,27,22,24,18.4,17.8,17.4,18.6,40.5,11.6,8.2,8.9,7.2,26.7,47,38,45,55,69,37,53,43,56,36,2.9,5.7,4.4,6.1,8.1,7,20,21,18,19,22,9,10,9,7,11,3,1,95
VIR0815,815,2016-04-28,8,38,60,22,44,82,98,16,1,3,5,5,3,5,5,9,5,7,5,2,1,65,45,63,65,53,23,26,27,26,27,22,19.7,9.7,19.3,13.5,9.3,14.3,4.8,12,7.9,72,28,17,31,28,73,14,5,14,12,7.9,2.3,2.1,4.5,2.4,7,18,19,20,19,20,9,10,10,9,10,3,1,125
VIR0816,816,2016-04-28,8,36,60,24,46,82,98,16,1,3,5,5,3,5,5,9,5,7,5,2,1,60,50,53,50,57,25,27,19,20,20,25.9,17,24.7,20.1,26.9,13.3,8.6,10.4,8.2,9.1,79,38,68,53,91,56,43,66,41,69,6.7,5.6,7.9,6.2,11,7,18,20,20,20,19,9,10,10,10,9,3,1,140
VIR0833,833,2016-04-28,8,41,61,20,42,83,100,17,3,3,3,3,7,5,5,9,5,7,7,2,1,50,50,50,50,50,26,26,24,20,26,25.7,16.2,35.4,16.7,21,15.4,6.5,22.6,8.4,12,47,33,103,42,46,36,35,88,33,35,4.8,5.2,14.4,4.4,5.3,7,22,25,24,20,20,10,10,10,10,10,3,14,150
VIR0850,850,2016-04-28,8,39,55,16,43,82,94,12,1,3,3,5,3,5,5,9,3,7,7,2,2,50,50,50,55,55,26,22,24,22,20,18.9,33.7,13.9,25.4,41.7,8.9,16.3,9,13,20.9,29,46,28,36,78,10,31,11,17,45,5.1,9.7,4.1,6.4,12.1,7,26,26,30,25,26,11,12,14,10,10,5,1,190
VIR0851,851,2016-04-28,8,39,60,21,43,82,97,15,3,5,5,5,7,5,5,9,3,7,5,2,2,52,55,50,53,56,19,19,20,22,76,38.6,65.6,42.8,35,26.5,12.9,22.5,13,11.4,8.2,97,143,100,84,60,94,153,116,81,70,15.9,28.4,20.5,13.1,13,7,20,25,22,22,21,8,9,8,8,9,3,10,190
VIR0853,853,2016-04-28,8,39,60,21,42,81,95,14,1,3,3,5,3,7,3,9,3,7,5,2,2,50,57,56,56,40,30,28,26,26,24,25,28.4,25.4,24.7,7.7,9.3,10.1,11.6,9.6,5.1,42,58,49,44,13,20,43,33,28,4,8.7,9.2,7.8,8.7,0.8,7,25,22,25,20,20,12,10,11,10,10,5,1,190
VIR0855,855,2016-04-28,8,40,69,29,43,83,100,17,1,3,3,5,3,5,5,9,3,7,5,2,1,60,45,62,50,50,24,32,30,30,30,63.6,6.1,18.5,26.3,33.7,25.3,2.5,7.4,17.3,14,90,5,28,18,59,13,4,10,7,28,3.2,1.1,4.6,1.8,8.1,5,29,25,25,27,25,14,14,12,13,12,5,1,280
VIR0860,860,2016-04-28,8,39,61,22,45,84,98,14,2,3,5,5,3,3,7,9,3,7,5,2,1,50,50,53,50,50,30,21,25,24,23,14.2,26.3,26.3,11.1,42,8.9,16.5,13.3,10.8,20.2,16,31,56,9,75,13,24,35,8,70,2.8,4.4,6.5,1.3,12,7,22,23,24,22,24,11,10,9,10,11,3,11,220
VIR0862,862,2016-04-28,8,39,60,21,42,81,99,18,1,3,5,5,3,7,3,9,3,7,5,2,1,50,60,55,55,60,36,33,30,30,26,11.2,16.5,14.5,11.7,41.4,5,9.1,11.8,8.2,18,14,22,16,10,59,3,3,4,6,35,0.8,0.8,0.7,1.1,9.8,5,27,27,21,28,30,15,12,12,13,16,3,1,240
VIR0876,876,2016-04-28,8,40,55,15,40,80,92,12,2,3,3,3,3,7,3,9,3,1,5,1,1,46,40,40,43,56,17,25,30,30,38,11.9,4.6,2.9,3.2,11.3,5.7,2.1,1.9,2.5,7.4,27,12,9,8,14,25,8,2,3,12,3.9,1.3,0.3,0.5,2.1,7,22,20,15,20,21,12,11,7,11,12,3,11,165
VIR0880,880,2016-04-28,8,39,55,16,41,80,96,16,3,3,3,3,3,7,3,9,5,7,7,1,1,46,46,50,50,60,26,33,26,28,20,7.7,7.3,7.8,9,23.1,4.9,5.5,4.5,8.3,13.4,12,8,13,4,40,8,6,9,2,14,1.2,0.8,1.5,0.1,2.2,7,21,21,22,22,24,13,12,12,10,12,3,10,200
VIR0881,881,2016-04-28,8,39,60,21,42,81,98,17,2,3,5,5,3,5,5,9,5,7,7,2,1,56,60,60,60,60,28,23,21,21,22,13.5,36.6,21,21.8,17.9,7.5,16.3,13,14,11.3,19,72,26,31,28,9,33,23,14,12,1.8,12.8,5,4,2,7,25,26,27,24,25,10,12,12,11,12,5,10,280
VIR0884,884,2016-04-28,8,40,55,15,40,80,94,14,1,3,3,7,3,5,5,7,5,1,5,2,1,50,50,40,46,46,27,21,21,18,27,14.1,15.9,19.5,21.2,8.3,13.6,11,14.2,11.8,5.9,11,16,17,35,15,5,7,3,20,6,0.6,1.2,0.9,3.4,1.1,7,22,25,24,25,24,12,12,12,10,11,5,1,220
VIR0885,885,2016-04-28,9,41,72,31,40,81,97,16,3,5,5,3,7,7,3,9,5,7,5,1,1,52,46,47,42,50,21,22,31,17,26,27.9,13.2,10.7,17.8,38.8,10.3,7.9,6.3,6.8,19.4,68,25,22,43,78,51,21,13,30,50,10,4,3,6.2,12.6,7,25,23,20,20,23,10,11,10,10,11,3,10,220
VIR0900,900,2016-04-28,8,41,55,14,35,76,88,12,3,5,5,3,7,7,3,9,5,1,5,1,1,40,30,43,40,40,24,19,16,17,14,9,3.5,25.4,10,18.5,3.4,2,9.6,5.9,6.9,40,11,74,24,54,27,13,71,24,74,2.9,1.1,6.5,2.1,7.3,7,20,17,18,17,19,10,8,8,8,8,3,10,125
VIR0905,905,2016-04-28,8,39,61,22,42,81,91,10,1,3,3,5,3,3,7,5,7,7,7,2,2,52,60,63,56,60,27,27,25,25,23,18.8,37.7,84.5,24.8,68.2,10.9,16.3,30.4,10.5,36.1,25,161,58,29,86,14,145,47,33,76,4.5,34.4,11.6,9.8,22.7,7,20,21,20,22,22,10,10,10,9,10,5,1,245
VIR0906,906,2016-04-28,8,37,55,18,39,76,90,14,3,5,5,3,7,1,9,9,3,7,7,2,2,63,60,50,65,55,23,22,28,27,21,39.6,38.3,15.1,22.8,20,16.6,17.1,8.1,10.5,8,96,76,27,74,45,121,115,32,99,54,15.7,16.8,4.1,12.4,7.1,7,19,23,20,20,20,10,10,10,10,9,3,14,165
VIR0914,914,2016-04-28,8,39,60,21,41,80,91,11,2,3,5,3,3,1,9,5,3,1,5,2,2,60,56,56,60,56,20,21,26,20,23,18.7,28.2,30.5,53.5,32.9,9.7,10.6,12.2,14.4,23.5,26,53,62,67,113,22,47,37,48,106,5.6,11.3,10.7,12.1,21.5,7,23,21,22,20,18,10,10,10,10,10,3,10,215
VIR0915,915,2016-04-28,7,40,70,30,45,85,101,16,2,3,3,5,3,1,9,7,5,7,5,2,2,60,60,70,60,70,21,27,20,20,20,16.8,23.2,50.8,37.5,105.1,13.4,13.1,26.9,12.8,44.8,25,34,75,66,292,18,19,62,48,223,3.5,5,17.7,14.5,65.8,7,20,21,20,20,22,10,11,9,10,11,3,10,255
VIR0917,917,2016-04-28,7,40,70,30,45,85,96,11,3,7,3,5,7,3,7,9,5,7,7,2,2,42,41,60,63,50,15,17,20,15,27,31,39.5,18.9,47.4,12,12,13.4,8,13.3,5.9,75,82,34,111,32,48,77,22,74,27,11.5,19.3,6.6,17,7,7,20,22,20,20,20,10,11,9,10,10,3,10,255
VIR0918,918,2016-04-28,8,39,67,28,45,84,102,18,1,3,3,7,3,3,7,9,5,7,7,2,2,60,60,65,50,62,19,27,32,22,21,46.5,13.8,25.2,35.7,62.3,15.5,6.8,7.7,11.1,23.8,55,18,31,51,67,12,3,12,27,42,5.5,1,6.4,12,18,5,26,27,26,27,24,13,13,14,14,12,5,1,390
VIR0919,919,2016-04-28,7,40,56,16,40,80,93,13,2,3,5,5,3,1,9,9,5,7,7,2,2,57,52,50,45,43,23,13,26,17,16,34.3,63.1,16.8,24,26.2,14.9,18.1,3.9,14.2,10.7,54,106,32,46,39,56,118,36,44,39,17.5,31.1,11,12,11.3,7,24,25,23,24,25,11,11,12,11,12,3,10,295
VIR0920,920,2016-04-28,8,37,60,23,41,78,92,14,1,3,5,5,3,3,7,9,5,7,7,2,2,46,46,44,43,50,16,21,19,21,16,14.3,27.6,39.7,12,25.3,3.8,8.9,10.6,6,1.7,34,62,75,29,50,28,43,54,19,38,7.4,13.2,13,5,11.1,7,25,22,22,22,20,11,11,11,10,9,5,1,275
VIR0923,923,2016-04-28,8,39,60,21,40,79,92,13,3,7,5,3,7,5,5,9,5,7,7,1,1,45,36,40,35,41,18,19,18,20,20,13,11,6.4,4.8,14.1,4.8,3.8,2.8,1.6,6,47,48,22,26,44,37,36,25,15,45,4.1,5,3,1.9,4.6,7,18,16,16,15,17,9,8,9,8,7,3,10,135
VIR0929,929,2016-04-28,8,39,61,22,39,78,91,13,3,7,5,3,7,5,5,9,5,7,7,1,1,45,40,38,40,43,25,23,16,20,19,9.2,7,24.4,9.3,13.2,4.4,4.1,6.8,2.6,2.9,31,24,83,37,52,25,12,77,46,74,1.8,0.8,9,5.3,8.7,7,20,20,20,20,20,9,10,9,10,10,3,10,150
VIR0930,930,2016-04-28,8,37,60,23,41,78,89,11,3,7,5,3,7,5,5,5,5,1,5,1,1,44,50,42,40,45,16,17,18,19,15,31.1,27.8,22.1,12.1,39.3,6.4,9.8,4.2,3.3,8.8,109,78,79,35,115,121,99,102,50,156,14.3,15.1,13.7,6.8,21.1,7,18,20,20,20,20,9,10,10,9,10,3,11,145
VIR0931,931,2016-04-28,8,36,55,19,42,78,92,14,2,7,5,5,7,3,7,9,3,7,7,2,1,46,52,42,42,45,18,20,21,19,19,17.9,11.6,12,9.7,20.3,5.4,5.5,4.7,4,7.5,46,34,29,26,56,50,40,44,25,63,8.4,6.4,5.5,3,8.4,7,19,20,19,20,18,9,8,8,9,8,3,10,160
VIR0932,932,2016-04-28,8,36,55,19,40,76,90,14,3,7,5,3,7,5,5,5,5,1,5,2,1,43,50,40,55,50,25,15,18,18,16,7.3,20.6,9.8,13.4,9.2,2.6,6,4.3,4.3,3.8,13,52,26,36,19,22,69,35,47,26,3.6,9.3,3.8,6.4,3.6,7,20,17,20,19,19,9,8,10,11,10,3,10,160
VIR0933,933,2016-04-28,8,35,60,25,42,77,92,15,3,7,5,3,7,5,5,5,5,1,5,2,1,47,46,42,45,40,24,24,21,19,13,20.4,17,22.5,37.5,36.6,5.3,7,6.6,11.2,7.6,58,53,53,95,113,83,64,84,120,138,11.7,8.2,11.1,17.6,18,7,18,19,20,20,20,8,8,10,10,10,3,10,170
VIR0934,934,2016-04-28,8,38,67,29,40,78,90,12,3,7,5,3,7,3,7,9,5,7,5,2,1,37,40,38,42,36,16,23,16,20,18,9.1,14.2,17.4,6.7,11.5,3.7,4.5,5.2,2,3.3,31,41,62,29,47,46,56,76,37,64,4.1,5.8,7.1,3.5,6.9,7,18,19,18,19,19,9,9,10,9,9,3,10,115
VIR0935,935,2016-04-28,7,36,56,20,42,78,96,18,3,7,5,5,7,3,7,9,5,7,5,2,1,60,50,50,50,45,14,15,16,17,18,43.9,13.2,35.4,24,7.2,13.9,3.8,11.3,9,4.1,80,37,79,57,12,74,42,109,72,14,20,6.9,16.8,10.1,2.3,7,22,17,20,19,27,10,8,10,9,9,3,10,245
VIR0936,936,2016-04-28,8,35,55,20,40,75,88,13,3,7,5,5,7,3,7,5,5,1,5,2,2,47,47,47,50,48,22,21,25,21,21,7.4,14.5,14.9,28.9,17.7,4.9,6.9,4.6,7.2,5.9,12,30,41,82,50,16,33,55,96,62,1.7,4.6,7.8,15.2,9.1,7,19,20,20,21,20,10,10,10,8,10,3,10,145
VIR0940,940,2016-04-28,8,39,67,28,41,80,94,14,2,3,3,5,3,1,9,5,5,1,5,2,2,56,65,60,63,60,22,14,23,26,26,50.2,35.3,43.6,26.7,21.1,20.9,15.3,22.2,9.8,13.2,110,65,94,55,37,69,52,66,44,30,18.3,13.4,15.7,9.3,7.4,7,21,20,23,18,11,10,8,11,9,10,3,11,240
VIR0941,941,2016-04-28,7,40,56,16,35,75,88,13,1,3,5,5,3,5,5,5,5,1,5,2,2,40,40,50,50,45,18,17,22,19,17,8.6,12.8,10.8,26.8,24.3,3.9,4.8,4.5,8.2,6.4,23,39,36,80,74,21,39,39,92,81,3,5.4,4.4,13,13.2,7,18,17,20,19,20,9,8,10,8,9,3,10,145
VIR0943,943,2016-04-28,8,40,60,20,35,75,93,18,3,7,3,3,7,7,3,9,5,1,5,2,1,45,45,40,45,40,23,22,20,19,20,9.7,15.1,4.7,6.9,6,4.2,6.3,2.5,2.4,3.8,48,53,14,26,11,30,46,17,25,13,3.7,5.5,1.3,3.2,1.1,7,19,17,17,17,18,9,8,9,8,9,3,10,125
VIR0944,944,2016-04-28,8,37,55,18,36,73,84,11,3,7,3,3,7,7,3,9,5,1,5,2,1,41,40,40,35,42,19,19,21,24,25,6.7,7.4,6.2,3.4,7.4,2.6,3.3,3.2,1.4,2.5,22,23,19,11,28,32,20,27,14,34,2.5,2.1,1.5,1.3,3.1,7,16,20,20,20,20,8,11,10,9,9,3,10,105
VIR0945,945,2016-04-28,8,40,55,15,40,80,94,14,3,7,5,3,7,5,5,7,5,1,5,2,1,52,52,50,52,60,25,25,18,23,23,28.5,29.1,28.2,25,72.5,13.3,13.9,10.5,8.7,42.5,39,33,75,38,66,33,39,77,51,80,10,10.5,10.2,11.8,22,7,22,22,20,20,22,12,13,13,12,14,3,10,250
VIR0947,947,2016-04-28,8,39,53,14,37,76,90,14,3,7,5,3,7,5,5,7,5,1,5,1,1,45,40,50,47,40,23,22,19,20,21,11.1,6.5,21.5,27.2,8.7,4.4,3.1,7,7.5,5,33,20,57,79,27,40,19,78,91,20,5,2,10.5,13.3,2.5,7,20,17,19,21,17,9,7,9,8,8,3,10,170
VIR0948,948,2016-04-28,7,36,55,19,22,58,90,32,3,7,5,3,7,5,5,7,5,1,5,1,1,45,50,43,45,43,18,18,21,26,20,24.4,12.3,11.3,6.7,9.6,9,7.3,6.9,2.5,3.9,79,64,23,20,32,74,44,22,19,39,9.3,6.3,2.7,2.2,5,7,16,19,19,18,20,8,10,11,10,11,3,10,155
VIR0957,957,2016-04-28,8,34,53,19,41,75,87,12,3,7,3,3,7,3,7,9,5,7,7,2,1,50,50,57,60,53,30,31,21,20,26,11.8,7.2,23.5,18.2,12.7,3.5,3.4,8,6.5,3.4,42,19,79,53,41,46,28,88,56,61,5.2,2.7,9.7,6.4,6.9,7,18,17,19,20,20,9,7,8,8,9,3,14,135
VIR0958,958,2016-04-28,8,39,60,21,42,81,96,15,3,7,3,3,7,5,5,9,5,7,7,1,1,45,50,40,46,60,17,17,17,20,20,13.1,28.3,11,27.2,49.3,4.3,11.7,3.7,9.8,19.7,45,97,43,48,123,49,105,98,36,180,5.1,5.2,11.9,2.8,22.6,7,17,17,16,15,18,8,8,8,7,10,3,10,130
VIR0960,960,2016-04-28,8,36,55,19,42,78,95,17,3,7,3,3,7,5,5,9,5,7,5,2,1,45,70,67,45,60,19,30,36,19,21,23.3,26.9,15.7,20.8,31.7,8.3,14.5,7,9,11.1,108,70,36,82,86,125,58,44,56,63,19.1,9.1,6.3,8.7,8.3,7,21,20,20,19,19,10,10,9,9,9,3,10,150
VIR0961,961,2016-04-28,8,36,51,15,43,79,93,14,3,7,3,3,7,3,7,9,5,7,5,1,1,50,46,45,52,55,20,28,21,21,26,35.8,10.3,32.3,27.9,29.3,14.1,2.7,7.8,9.3,8.9,76,26,116,53,55,75,28,104,49,36,14,6.2,17,13.6,9.5,7,22,22,17,21,23,10,9,8,11,10,3,10,215
VIR0962,962,2016-04-28,8,39,69,30,42,81,94,13,3,7,3,3,7,1,9,9,5,7,5,2,2,50,50,45,43,50,27,21,26,21,16,16.5,95,26.7,14.1,18.8,4.9,19.4,7.9,5.4,5.2,32,188,53,41,55,39,199,46,50,53,9.4,45.9,13.3,5.5,10,7,23,22,21,20,21,11,11,9,8,10,3,10,215
VIR0963,963,2016-04-28,8,39,60,21,42,81,96,15,2,3,3,5,3,5,5,9,5,7,5,2,1,55,70,56,60,60,19,27,26,32,27,50.5,21.2,32.7,25.6,54.2,24.6,9.5,9.4,10.8,21.2,77,34,53,42,118,92,37,62,44,136,16,7.3,14.9,9,25.4,7,25,25,26,30,26,11,11,11,13,11,3,11,205
VIR0965,965,2016-04-28,8,39,55,16,37,76,92,16,3,7,5,3,7,7,3,9,5,1,5,1,1,32,45,30,30,35,20,19,12,17,18,3.9,33.6,6.3,6.2,10.1,1.3,7.4,2.3,2.2,3.1,19,87,24,30,41,10,72,17,24,7,1.2,14.9,1.7,2.7,0.8,7,17,22,17,16,18,8,9,7,7,8,3,11,205
VIR0967,967,2016-04-28,7,39,70,31,41,80,97,17,1,3,3,5,3,3,7,9,5,7,5,2,2,52,56,50,50,65,18,20,23,22,22,30.4,32.6,16.1,21.5,119.4,14.7,19.2,6.6,9.8,65.2,47,39,27,42,140,51,44,26,34,163,10.5,6.8,4.9,7.6,31.6,7,21,23,23,23,23,10,10,10,10,10,5,1,195
VIR0973,973,2016-04-28,8,39,60,21,43,82,97,15,3,7,5,3,7,5,5,9,5,1,5,2,1,43,42,41,43,43,15,15,18,16,17,6.2,16.4,17.6,28.7,18.8,4.3,6.3,5.1,7.7,6.2,11,58,71,120,62,11,47,64,99,69,1.3,4.7,6.9,11.1,6.6,7,19,19,19,18,18,8,10,10,9,9,3,10,140
VIR0983,983,2016-04-28,8,39,60,21,43,82,97,15,3,7,3,3,7,3,7,9,3,7,5,2,1,35,43,50,45,55,19,16,17,17,17,7,11,46.4,24.1,38.9,3,4.3,15.9,6.8,9.3,20,37,135,84,114,25,45,149,105,150,2.8,5,19.9,13,19.5,7,20,20,18,20,20,9,10,10,9,8,3,10,145
VIR0984,984,2016-04-28,8,36,60,24,46,82,97,15,3,7,3,3,7,3,7,9,5,7,7,2,1,55,40,50,40,55,18,17,19,17,25,40.8,16.1,14.9,10.4,8.8,11.3,5.2,2.3,4.4,6,100,58,21,24,64,87,48,21,24,62,18.6,6.3,2.4,5.5,10,7,25,16,16,22,19,13,9,7,12,9,3,10,210
VIR0985,985,2016-04-28,8,40,53,13,42,82,98,16,1,3,3,7,3,1,9,9,5,7,7,2,2,70,70,55,70,65,21,27,27,21,21,67.7,79.3,25.2,49,130.8,31.3,35.9,14.5,29.5,48.9,70,85,24,32,121,48,60,19,21,88,21,25,7.2,11.1,40.8,5,26,25,26,27,27,12,12,12,12,12,5,1,410
VIR0990,990,2016-04-28,8,35,60,25,44,79,94,15,3,7,5,3,7,5,5,9,5,1,5,2,2,41,60,56,50,50,16,21,18,17,25,10.4,14.2,13,12.4,26.1,4.9,9.8,4.3,5.3,10.3,45,36,45,37,80,27,26,56,35,87,2.2,2.1,6.5,3.7,10,7,20,19,20,20,20,8,8,8,9,8,3,10,90
VIR0991,991,2016-04-28,8,36,55,19,42,78,96,18,3,7,3,3,7,5,5,9,5,1,5,2,2,40,40,46,40,40,22,23,20,21,23,11.2,5.7,25.4,10.5,7,5.8,3,9,3.6,3,31,12,87,39,23,23,15,82,37,18,2.7,1.8,10.2,4.5,2.7,7,20,20,20,20,20,9,9,8,8,9,3,10,160
VIR0992,992,2016-04-28,8,38,55,17,40,78,96,18,3,7,5,3,3,7,3,9,5,1,5,2,2,40,35,40,40,40,18,17,17,17,15,13.1,8.9,14.3,10.1,32.1,4.2,2.8,4.9,3.1,11.8,42,28,61,36,75,48,37,56,48,98,4.8,3.6,6.3,4.5,11.2,7,17,19,20,20,20,9,9,10,9,9,3,10,110
VIR0994,994,2016-04-28,8,39,61,22,43,82,98,16,3,7,5,3,7,7,3,9,5,1,5,1,1,53,40,35,40,40,20,18,16,15,20,17.9,12.5,7.9,10,12.5,7.8,4.2,2.6,4.8,4.2,68,53,25,44,44,57,49,19,28,36,6.4,6,2.3,4.3,5.1,7,17,16,17,16,18,8,8,8,7,9,3,10,140
VIR1001,1001,2016-04-28,8,39,55,16,39,78,96,18,3,7,3,3,7,3,7,9,5,1,5,2,1,60,50,54,54,54,16,21,18,18,20,26,20.38,10.5,19.4,19.1,10.5,10.2,3.5,6.8,8.4,64,41,25,37,43,64,32,26,33,43,10.7,5.7,4.3,6.6,6.7,7,18,19,20,19,20,8,8,9,8,9,3,10,175
VIR1002,1002,2016-04-28,8,39,55,16,39,78,96,18,3,7,3,3,7,7,3,9,5,1,5,2,1,42,42,40,45,63,30,27,26,27,36,6.6,4,2.6,4.8,18.1,5.4,3.4,2.3,3.1,8.7,6,7,8,4,28,3,10,1,2,19,0.2,0.9,0.1,0.1,3.9,7,18,20,18,16,17,8,8,8,6,8,3,10,210
VIR1003,1003,2016-04-28,8,39,55,16,39,78,96,18,3,7,3,3,7,7,3,9,5,1,5,2,1,30,42,40,40,36,25,19,22,20,25,3.1,8.1,6.1,5.3,2.2,1.8,3.4,3,4,0.9,8,22,17,6,7,7,22,17,3,11,0.6,2.5,1.7,0.3,1.1,7,17,16,18,15,15,8,8,8,6,6,3,10,120
VIR1005,1005,2016-04-28,8,39,55,16,39,78,96,18,3,7,5,3,7,5,5,7,5,7,5,2,1,40,40,40,37,45,18,23,18,15,16,18.6,5.1,9,12.8,21.9,7.2,2.5,3.3,4.1,7.7,79,21,43,57,80,66,12,29,66,91,6.2,1,2.7,5.7,9,7,17,17,17,17,18,8,7,7,7,8,3,10,105
VIR1007,1007,2016-04-28,8,39,60,21,42,81,99,18,3,7,5,3,7,7,3,9,5,1,5,1,1,32,30,36,30,32,23,20,17,17,14,5.4,5.4,11.8,5.4,8.3,3.2,1.9,4.3,2.2,3.4,16,19,50,18,37,13,20,48,19,25,1.1,1.5,5.1,1.7,1.8,7,15,17,16,15,15,7,8,7,8,8,3,10,120
VIR1008,1008,2016-04-28,8,39,60,21,42,81,95,14,3,7,7,5,7,1,9,7,5,1,5,2,1,70,70,63,65,70,32,33,37,37,38,44.1,20.2,11.8,19.3,8.5,18.3,10,6.8,4.3,3.7,112,38,21,42,16,136,48,22,61,26,18.6,6.6,3.3,8.3,3.6,7,20,20,21,20,17,10,9,10,10,9,3,10,155
VIR1009,1009,2016-04-28,8,39,55,16,39,78,96,18,3,7,5,3,7,5,5,7,5,1,5,1,1,36,30,40,40,40,24,25,30,27,25,2.3,5.5,2.9,4.5,7.2,1.1,2,1.9,1.5,2.2,6,19,14,19,25,5,15,8,18,34,0.7,1.2,0.9,1.7,4.1,7,16,19,19,20,20,8,8,8,10,9,3,10,170
VIR1010,1010,2016-04-28,8,39,60,21,38,77,87,10,3,7,5,3,7,3,7,7,5,1,5,1,2,43,45,40,38,36,26,24,23,21,21,7.3,9.5,6.3,6,6.4,2.9,3.7,2.1,2.9,2.8,34,43,29,25,27,30,35,33,19,26,2.6,3.5,3.5,1.9,2.1,7,17,17,20,19,20,9,8,10,10,9,3,10,100
VIR1011,1011,2016-04-28,8,40,55,15,38,78,96,18,3,7,5,3,7,5,5,7,5,1,5,2,1,34,36,47,30,33,21,20,19,19,22,5.8,8.7,13.8,5.4,7.8,1.9,2.8,3.9,1.7,2.5,18,28,57,21,30,22,24,63,24,28,2.7,3.7,6.9,2.3,3.7,7,17,17,17,17,18,7,7,7,7,7,3,10,140
VIR1012,1012,2016-04-28,8,39,61,22,41,80,95,15,3,7,7,5,7,1,9,7,5,1,5,2,1,60,50,60,54,55,26,26,30,27,24,21.3,10.1,26.5,27,20,10.8,5.9,11.9,9.1,7,44,19,56,66,48,59,30,75,96,69,8.6,4.5,10.5,14,10.6,7,21,22,21,22,21,7,9,7,8,7,3,10,160
VIR1013,1013,2016-04-28,8,39,60,21,39,78,93,15,3,7,7,3,7,3,7,7,5,1,5,2,1,50,50,65,50,50,30,27,25,26,26,12.6,13.3,9,25.4,16,5.6,6.3,4.3,6.9,9.4,41,32,40,75,27,50,43,56,102,38,6.2,4.8,6,13.8,4.7,7,21,21,21,21,20,8,8,8,8,8,3,10,140
VIR1014,1014,2016-04-28,8,36,55,19,42,78,95,17,3,7,5,3,7,5,5,7,5,1,5,1,1,50,40,40,42,40,20,23,26,25,23,4.9,4.9,4.7,4.5,8.7,3.2,2.8,3.8,3,7,8,12,7,14,31,8,8,4,3,20,0.9,0.6,0.2,0.3,1.7,7,18,18,20,18,19,9,8,9,9,9,3,10,130
VIR1016,1016,2016-04-28,8,35,55,20,43,78,95,17,3,7,5,3,7,7,3,7,5,1,5,1,1,33,42,40,40,40,25,22,19,23,19,3.4,7.7,15,20.9,10.2,1.7,2.8,5,5.9,3.7,16,32,64,100,40,19,31,68,116,52,1.6,3,6.2,8.5,4.5,7,17,19,19,19,18,9,10,9,9,8,3,10,115
VIR1019,1019,2016-04-28,9,40,59,19,40,80,97,17,3,7,3,3,7,7,3,7,5,1,5,2,2,37,30,50,40,30,20,16,20,16,22,6.5,6.2,17.3,12.8,3.5,2.3,2.6,5.7,3.3,1.8,23,17,67,66,13,23,19,60,56,11,25,1.6,6.9,6,0.7,7,17,17,16,17,16,8,8,7,7,7,3,10,140
VIR1032,1032,2016-04-28,8,35,55,20,43,78,95,17,3,7,5,3,7,5,5,5,5,1,5,2,1,30,30,30,33,33,21,21,20,19,19,5.1,6.7,11.2,6.2,15.4,2.7,2.8,4.7,2.8,6,17,23,41,21,53,16,22,37,21,40,1.6,1.8,4,1.8,4.5,7,16,17,17,18,16,9,10,11,10,8,3,10,135
VIR1033,1033,2016-04-28,8,37,60,23,44,81,98,17,3,7,5,3,7,7,3,7,5,1,5,1,2,56,45,43,45,60,25,21,20,21,23,22.9,17.2,28.2,18.4,52.3,6.8,5.9,10.8,7.8,15.6,80,58,76,50,126,941,68,85,61,138,9.4,8.7,10.8,8.4,26.3,7,20,20,20,22,20,11,9,8,9,10,3,10,135
VIR1039,1039,2016-04-28,8,39,55,16,39,78,94,16,3,7,5,3,7,7,3,7,5,1,5,2,1,56,42,43,42,36,14,14,19,19,16,23.6,17.8,7.5,5.7,3.6,8.9,5.9,2.4,2.7,1.6,75,61,25,21,15,82,75,30,20,10,8.3,7.3,3.1,1.8,0.9,7,22,20,18,20,18,10,8,9,10,9,3,10,140
VIR1068,1068,2016-04-28,8,40,67,27,36,76,92,16,1,3,7,7,3,1,9,7,5,1,5,2,2,70,62,70,70,72,45,42,50,42,49,15.7,42.8,29.6,35.4,42.1,8.6,16.9,12.1,18.3,21.5,20,55,41,60,43,7,16,10,44,29,1.3,4.4,3.2,14,13,5,27,25,22,25,27,14,13,11,13,15,5,1,240
VIR1120,1120,2016-04-28,8,37,60,23,45,82,96,14,2,3,5,7,3,3,7,9,3,7,7,2,2,62,63,66,61,63,19,18,24,19,18,65.6,37.2,37.1,24.6,50.5,28.7,14.4,14.6,8.1,17.6,114,82,68,43,89,131,85,69,56,103,24.6,16,12.4,12.3,20.7,7,25,25,25,24,22,11,11,12,12,11,3,11,230
VIR1179,1179,2016-04-28,8,37,73,36,44,81,97,16,1,3,3,7,3,3,7,9,3,7,7,2,2,58,62,52,60,55,17,33,17,27,21,36.8,21.8,67.8,48.9,51.2,12.1,5.9,17.1,33.1,22.2,54,34,93,35,70,44,22,91,31,53,14.9,9.4,33.5,8.4,17.5,7,22,25,25,25,26,12,12,13,10,12,5,1,355
VIR1214,1214,2016-04-28,8,37,60,23,42,79,98,19,2,3,7,5,3,5,5,7,5,1,5,1,2,53,60,60,56,70,21,16,22,31,33,44.5,72.7,26.5,28,39.6,16,25.4,9.2,11.4,16.4,85,160,48,54,72,82,171,56,60,84,16,31,11.3,11.2,16.7,7,21,18,23,20,20,11,10,12,10,11,3,11,210
VIR1230,1230,2016-04-28,13,44,88,44,49,93,100,7,1,3,3,5,3,3,7,7,5,1,5,1,1,70,56,58,56,60,25,31,31,27,31,106.2,30.7,28.6,41.5,81.6,41.6,18.2,8.9,16.2,41.8,162,40,48,59,96,122,27,35,60,72,33.1,11.2,13.9,16.8,22.1,7,22,21,21,21,21,11,11,11,11,10,5,1,255
VIR1243,1243,2016-04-28,8,44,60,16,36,80,96,16,3,7,7,5,7,1,9,5,5,1,5,2,2,60,60,65,72,70,25,36,30,30,33,31.7,73.3,129.5,129.5,109.3,13.4,10.4,92.5,42,68.8,41,34,54,82,99,40,31,55,81,71,12,9.1,18,28.1,23.1,7,23,20,23,25,25,11,10,10,12,12,3,10,305
VIR1252,1252,2016-04-28,8,39,73,34,42,81,95,14,1,3,5,5,3,3,7,7,5,1,5,1,2,65,72,60,66,62,20,30,30,26,29,37,53.8,28.5,22.7,20.4,23.8,35.7,14.2,8.3,8.8,42,47,41,42,34,31,53,45,46,29,6.7,10.3,8.6,9.6,6.8,7,19,20,21,20,19,8,10,9,9,9,5,1,230
VIR1286,1286,2016-04-28,8,45,81,36,44,89,98,9,1,3,5,5,3,1,9,5,5,1,5,1,2,78,76,70,70,70,27,21,27,25,26,191.4,93,77.5,80.9,44.1,114.3,51.9,50.6,44.6,17.6,167,90,59,70,63,176,90,68,62,59,54.3,28.7,18.4,20.7,17.9,7,25,23,25,24,23,12,11,12,10,12,3,1,330
VIR1481,1481,2016-04-28,8,46,84,38,41,87,98,11,1,3,7,7,3,1,9,9,5,7,7,2,1,77,75,60,80,105,30,27,32,26,35,104.3,122.1,50.9,132.9,102.1,101.6,86.5,42.2,74.6,69,68,64,23,34,86,53,44,14,32,66,22.4,19.4,6.2,14.4,27.5,5,25,26,24,23,25,14,15,12,12,15,5,1,370
VIR2296,2296,2016-04-28,29,39,66,27,28,67,81,14,1,3,5,5,3,1,9,9,5,1,5,1,2,56,70,63,66,70,27,21,27,27,35,20.2,73.2,55.4,88.5,101,11.5,30.9,19.6,56.4,57.3,20,45,64,70,80,13,35,56,53,62,3.5,11.5,19.5,20.7,22.7,5,25,25,30,21,24,14,14,14,10,13,5,1,355
VIR455a,455a,2016-04-28,8,39,52,13,41,80,95,15,3,3,5,5,3,7,3,9,5,7,7,2,1,50,36,45,45,43,25,25,30,30,26,13.2,6.7,12.9,19.7,13.7,8,5,10.4,11.4,11.2,22,7,10,25,10,7,8,4,23,10,2.5,1.5,0.9,4.9,2.2,7,21,21,19,20,20,10,11,10,11,10,3,10,240
VT0003_0344,344,2016-04-28,8,38,64,26,44,82,99,17,1,3,3,5,3,3,7,9,5,1,7,1,2,49,53,46,60,52,20,13,25,12,11,74.9,174.3,43.9,85.1,65.5,40.2,71.1,14.6,32.7,26.5,109,255,86,123,130,145,289,87,194,137,21.9,43.5,15.8,31.7,18.6,7,20,21,21,22,21,11,11,11,11,11,5,1,222
VT0005_0347,347,2016-04-28,8,39,53,14,42,81,96,15,2,3,3,5,3,1,9,9,5,1,5,2,2,53,56,60,43,50,22,13,14,12,31,134.1,150.2,97.3,200.5,66.7,63.1,33.3,47.1,52.5,17.8,167,228,106,301,110,118,262,128,354,131,27.4,60.4,25.9,79,29.2,7,25,23,22,26,25,13,12,11,14,13,3,11,278
VT0007_0349,349,2016-04-28,8,39,64,25,42,81,96,15,2,3,3,5,3,5,5,9,5,1,1,2,2,43,56,57,50,60,20,22,21,16,25,77.6,153.4,130.7,114.1,130.7,20.7,40.3,38.3,49.2,43.1,134,290,263,202,216,211,138,285,216,199,38.1,32.4,61.4,52.9,49.8,7,21,20,21,23,21,11,10,10,12,12,3,11,250
VT0008_0349,349,2016-04-28,13,42,61,19,33,75,90,15,2,3,3,5,3,1,9,9,5,1,5,2,2,48,50,49,52,52,30,25,20,24,18,49.4,33.8,84.1,112.9,115.9,16.9,13.9,20.3,45.6,41.6,68,50,146,147,192,64,44,31,127,191,14.4,8.3,6.6,31.6,38.2,7,22,21,25,22,23,11,13,11,12,13,3,11,225
VT0009_0350,350,2016-04-28,8,38,64,26,43,81,100,19,3,3,3,5,3,5,5,7,5,1,5,2,2,50,55,55,66,57,22,12,15,17,15,50.3,64.2,46.3,69,55,23.6,32.5,20.5,34,30.1,81,73,61,89,55,85,80,73,118,87,16.7,17.2,14.8,23.9,14.9,7,20,20,15,17,15,8,9,7,7,8,3,10,200
VT0010_0351,351,2016-04-28,8,38,60,22,44,82,96,14,2,3,3,5,3,5,5,9,5,1,5,2,2,61,61,60,52,60,23,29,16,18,17,68.3,56.6,99.1,131.6,172.5,33,26.8,46.3,48,74.3,66,64,105,180,168,69,47,85,130,143,20.1,19.2,29.5,47,50.2,7,21,23,22,24,24,11,11,11,11,12,5,11,365
VT0011_0352,352,2016-04-28,8,41,64,23,41,82,100,18,2,3,3,5,3,1,9,9,5,1,5,1,2,65,60,60,63,66,30,23,31,23,30,60.8,241.1,73.6,79.5,209.4,27.9,118.6,35.3,43.1,73,59,210,83,78,230,77,212,78,69,213,22.1,56.5,23.5,20.2,65.2,7,25,22,20,25,20,11,10,9,11,10,3,11,305
VT0012_0353,353,2016-04-28,10,37,50,13,35,72,79,7,2,5,1,5,7,3,7,9,5,1,7,1,1,51,54,46,40,45,15,35,21,13,16,102.2,124.1,41.1,67.3,74.5,24.7,39.3,15.1,15.3,22.2,150,140,63,115,101,160,182,69,107,116,32.7,39.5,14.1,29.2,25.9,7,20,21,22,21,21,10,11,12,10,12,3,11,215
VT0013_0354,354,2016-04-28,10,37,51,14,41,78,96,18,3,5,3,5,7,3,7,9,5,1,5,1,1,50,56,56,62,52,20,20,30,25,13,36.9,99.1,88.3,57.7,361.9,14.9,39.1,45.1,23.9,190.3,70,136,139,103,328,74,133,159,99,373,14.4,26.4,35.3,18.5,78.7,7,15,18,20,18,20,7,10,8,7,10,3,10,210
VT0014_0355,355,2016-04-28,10,36,68,32,44,80,99,19,2,3,3,5,3,1,9,7,3,1,5,1,1,55,46,57,51,45,11,15,21,19,26,303.1,110.9,130.1,113.9,83.9,132.7,37.7,30.3,50,43.3,347,198,353,178,78,399,188,380,173,90,72.8,36.6,73.6,34.4,15.4,7,21,19,20,21,20,10,9,10,10,10,5,2,205
VT0015_0356,356,2016-04-28,8,36,52,16,45,81,96,15,3,3,3,5,3,5,5,7,5,1,5,2,2,57,60,52,50,52,21,28,18,12,22,20.8,33.7,63.1,47.7,47.9,10.1,12.7,32.6,25.9,22.5,34,37,68,56,56,39,52,71,48,49,3.7,10.6,18.2,11.6,13.1,7,22,23,20,22,20,10,11,10,12,8,3,10,205
VT0018_0361,361,2016-04-28,8,39,52,13,41,80,97,17,2,3,5,5,3,1,9,9,5,3,5,2,2,56,62,53,60,62,35,40,22,26,16,25.2,52.9,34.1,67.8,123.3,15.7,29.3,19.8,20.2,34.7,21,66,46,105,226,24,71,42,115,195,5.6,18.4,10.4,29.7,41.7,7,22,21,20,22,25,11,10,9,11,12,5,10,210
VT0019_0362,362,2016-04-28,8,39,53,14,41,80,93,13,1,3,5,7,3,3,7,7,5,1,5,2,2,63,65,67,61,62,30,30,25,33,27,67.4,94.6,124.5,43.3,57.7,37.3,49.8,69.2,13.9,35.4,65,70,106,48,40,45,66,102,48,40,22.2,30.6,33.6,18.1,14.9,5,25,26,26,25,26,14,13,13,12,13,3,1,315
VT0020_0364,364,2016-04-28,8,37,53,16,44,81,95,14,2,3,3,5,3,5,5,7,5,1,5,1,2,60,57,60,57,55,17,25,30,15,27,60.4,108.1,46,81.3,33.2,26.8,50.7,24.2,31.3,21.7,77,152,58,115,37,75,170,76,148,41,19.5,36.8,14.3,30.2,7.1,7,21,25,21,24,25,11,9,10,11,10,3,11,230
VT0021_0365,365,2016-04-28,8,39,53,14,42,81,98,17,1,3,3,5,3,1,9,9,5,1,5,1,2,53,50,55,57,60,16,16,19,20,21,145,108.3,85.5,115.4,74.1,25.1,65.5,46.4,64.7,48,195,119,102,101,106,189,112,92,74,83,37.8,21.2,18.4,16.6,16.8,7,25,25,22,22,23,11,11,10,11,11,5,1,205
VT0022_0590,590,2016-04-28,8,39,52,13,42,81,98,17,1,3,3,7,3,1,9,9,5,1,5,1,2,70,67,70,70,65,20,29,27,25,19,135.3,57.8,59.2,105.3,68.2,77.5,29.7,38.7,57.8,34.3,61,40,35,69,50,58,90,39,48,53,20.7,15.2,13.9,17.6,19.9,5,28,21,25,30,25,14,13,13,15,12,3,1,385
VT0025_0593,593,2016-04-28,7,40,54,14,40,80,90,10,2,3,5,5,3,1,9,9,7,1,5,1,2,55,65,61,55,60,40,16,26,25,33,92.4,92.4,70.5,40.7,39.8,29.4,49.7,33.6,23.5,19.3,23,96,99,51,46,27,100,85,46,43,7.4,29.6,25,12.4,12.3,7,21,21,20,20,21,10,11,10,10,11,3,10,270
VT0027_0596,596,2016-04-28,8,39,53,14,42,81,96,15,1,3,3,5,3,1,9,9,7,1,7,1,2,63,65,60,62,55,13,25,17,25,17,103.7,148.8,100.3,154.7,200.2,57.5,62.7,48.4,75.6,90,87,133,101,129,181,41,77,72,103,125,14.5,28.8,31.7,41.6,55.8,7,20,25,24,23,27,10,12,13,12,13,3,11,375
VT0028_0599,599,2016-04-28,8,39,53,14,42,81,98,17,1,3,1,7,3,5,5,9,7,1,7,2,2,58,52,65,70,66,21,27,25,35,31,80.7,33.5,55.8,50.5,61,41.2,13.7,31.3,31.7,40.2,56,34,35,30,33,71,24,44,37,34,24.6,11.7,14.1,11.7,12,5,26,24,24,26,23,13,13,14,14,14,5,1,340
VT0029_0600,600,2016-04-28,9,35,52,17,43,78,91,13,1,3,3,7,3,3,7,9,7,1,7,1,2,50,55,62,65,65,30,27,19,40,19,37.3,40.1,64.7,35.9,144.8,15,14.8,30.1,20.1,70,68,54,63,29,152,55,46,63,26,123,18.3,16.6,22.1,9.2,45.9,7,21,22,23,21,22,11,11,12,10,11,3,1,325
VT0031_0603,603,2016-04-28,8,45,53,8,36,81,96,15,1,3,3,7,3,3,7,9,7,1,7,1,2,72,74,70,70,60,25,30,30,25,16,70.3,132.1,135.1,53.7,190.2,50.3,83.1,87.5,35.3,106.6,39,95,71,36,144,27,77,75,40,107,12.8,28.7,25.8,14.9,42.1,7,23,23,22,25,25,12,12,13,10,11,3,2,380
VT0033_0606,606,2016-04-28,8,40,53,13,40,80,92,12,1,3,1,5,3,3,7,7,7,1,7,1,2,55,61,65,60,70,30,30,27,30,27,100.3,113.7,69.4,51.5,177.5,44.7,44.2,30.7,16.2,81.8,133,140,81,65,183,186,181,99,89,216,44.3,40.9,21.6,20.4,48.7,7,20,20,25,20,20,10,10,10,8,9,5,1,240
VT0035_0608,608,2016-04-28,8,32,53,21,48,80,94,14,1,3,3,5,3,5,5,3,7,1,7,2,2,50,50,52,45,40,25,22,25,20,20,37.4,12.4,24.9,33.5,34.2,12.1,5.4,11.9,13.3,14.1,54,18,33,52,38,40,17,24,32,27,36.3,5.8,9.4,14.3,12,7,25,22,25,20,17,12,11,8,8,7,3,1,310
VT0037_0610,610,2016-04-28,8,37,53,16,38,75,88,13,1,3,5,5,3,5,5,9,7,1,7,2,1,52,45,60,50,42,23,20,30,35,27,36.6,25.5,109.5,13.7,76.8,12.3,9.4,40.7,60.2,21.4,67,37,68,23,54,72,34,184,25,133,15.2,7.5,44.1,5.8,29.9,7,20,19,20,20,20,9,9,10,10,9,3,1,240
VT0038_0611,611,2016-04-28,8,35,53,18,46,81,97,16,2,3,1,3,3,5,5,7,7,1,7,2,2,52,43,55,60,50,15,23,20,15,25,53.4,25.5,83.1,56.3,40.4,28.3,11.4,34.1,40.4,24.4,68,60,117,53,45,70,37,144,48,54,13.9,8.6,28.8,9.1,14.2,7,16,16,16,16,16,7,7,7,7,5,3,11,220
VT0039_0793,793,2016-04-28,8,39,53,14,41,80,95,15,3,3,5,5,3,1,9,7,7,7,7,1,2,65,55,50,50,52,32,20,20,12,20,155.3,127.9,62,175.4,102.8,73.6,45.6,19.4,62.7,43.9,167,235,163,217,139,176,263,156,236,162,46.8,52,32.9,53.7,32.8,7,20,24,19,22,25,11,9,8,11,10,3,11,250
VT0040_0856,856,2016-04-28,9,38,54,16,40,78,90,12,3,5,5,5,7,5,5,9,7,1,5,2,2,50,60,40,50,50,12,23,20,15,20,106.1,57.3,28.7,42.2,37.2,25.5,34.1,8.6,23.8,19.8,229,69,65,91,65,160,33,49,60,37,53.9,11.3,12.2,17.8,11.2,7,22,21,24,22,24,10,12,13,12,12,3,11,305
VT0041_0857,857,2016-04-28,8,39,53,14,42,81,96,15,1,3,7,5,3,1,9,5,7,1,5,1,2,60,60,63,62,60,23,32,35,30,27,61.8,55.8,49.7,60.3,114.8,26.4,28.3,33.1,26.4,76.3,59,51,30,55,63,46,35,28,44,84,22,16.6,9.7,20.5,35.2,5,30,30,30,30,30,14,13,13,13,13,5,1,350
VT0042_0858,858,2016-04-28,8,37,53,16,44,81,97,16,1,3,3,5,3,7,3,5,7,1,5,2,2,60,56,51,55,55,19,25,17,15,17,159.1,43.7,59.3,70.9,112.7,46.2,18.2,34.7,48.1,55.1,158,48,54,71,109,175,58,42,56,119,51.6,16.3,10.9,16,29.5,5,25,25,26,25,25,12,12,11,10,12,3,1,290
VT0044_0863,863,2016-04-28,8,39,53,14,44,83,101,18,1,3,5,5,3,5,5,7,3,7,7,1,2,60,68,56,62,57,22,26,20,20,21,68.9,154,25.7,41.8,52.8,38.1,68.3,16.5,23,26.7,146,296,52,101,107,99,166,38,60,80,14.1,24.6,5,7.6,10.5,7,20,20,20,21,21,12,12,12,12,11,5,1,160
VT0045_0865,865,2016-04-28,8,39,66,27,14,53,102,49,3,3,5,3,7,7,3,7,3,7,7,1,1,57,55,50,50,56,30,25,24,25,25,37.9,47.6,61.4,44.8,47.5,21.8,26.5,36.2,26.4,27.4,35,76,89,80,62,15,59,67,38,48,7,13.9,14,8.7,13.5,5,23,23,23,23,22,13,13,13,12,13,5,1,265
VT0046_0866,866,2016-04-28,8,37,53,16,45,82,96,14,1,3,5,5,3,7,3,9,3,7,5,2,1,40,44,55,56,57,25,22,25,20,20,28.6,25.6,66.7,41.6,58.3,17.6,13.7,42.7,25.8,43.6,36,35,82,60,58,25,25,33,26,25,5.7,5.6,6.1,7.1,6.9,5,24,23,23,25,24,12,13,14,14,13,5,1,230
VT0047_0868,868,2016-04-28,8,37,53,16,45,82,96,14,1,3,3,5,3,7,3,9,3,7,5,2,1,50,50,50,53,47,17,11,17,24,20,65.3,49,106.4,20.2,48,30.4,25.7,61.8,15.4,27.2,107,85,133,25,41,272,92,105,9,38,18.4,12.3,20.1,1.3,6.7,5,24,24,22,23,23,13,13,12,13,13,5,1,210
VT0048_0871,871,2016-04-28,8,39,52,13,43,82,98,16,1,3,3,7,3,7,3,9,3,1,5,2,1,70,53,53,56,57,20,15,20,20,23,46.4,48.6,27.7,34.3,31.5,35.9,28.6,23.8,24.2,18.8,21,52,12,27,13,14,29,5,16,7,3,7.9,0.6,4.4,1.6,5,30,30,28,30,27,15,17,14,15,15,3,10,265
VT0049_0872,872,2016-04-28,8,39,53,14,42,81,97,16,3,3,5,5,3,7,3,3,5,7,5,2,2,71,55,50,57,60,21,20,30,25,23,51.6,30.4,18.9,64.9,43.5,21.6,10.3,9.2,48.2,20.1,118,72,37,62,69,84,69,28,35,57,16.7,11.6,5.3,6.2,11,7,22,19,18,20,20,10,9,8,10,9,3,11,215
VT0050_0874,874,2016-04-28,8,39,78,39,48,87,103,16,2,3,3,5,3,7,3,3,5,7,7,1,1,70,55,50,53,60,23,17,17,17,30,57.7,24.8,67.7,35.8,51.9,30.6,20.2,45.3,23.8,34.4,97,16,76,49,48,73,10,59,32,44,11.9,1.7,10.5,4.5,6.5,5,23,26,25,28,20,10,13,13,13,10,3,11,180
VT0051_0882,882,2016-04-28,8,39,52,13,41,80,95,15,1,3,5,5,3,7,3,7,5,1,5,2,1,50,56,45,50,63,19,25,23,19,23,16.1,27.3,17.9,37.1,33,8.2,17.1,11.4,12.1,18.4,28,33,27,35,50,15,17,16,29,29,3.5,3.2,3,6.4,6.2,5,25,25,25,30,27,12,13,13,12,14,7,4,225
VT0052_0883,883,2016-04-28,8,39,53,14,43,82,98,16,1,3,3,5,3,5,5,3,5,7,5,1,2,50,53,63,50,65,16,27,26,20,22,56.1,13.2,48.7,20.5,70.9,24.7,5.6,26.5,10.5,43,77,44,69,33,86,78,28,56,31,66,15.8,4.5,11.3,5,12.7,7,20,24,22,20,18,10,10,10,10,10,5,1,245
VT0053_0896,896,2016-04-28,8,39,79,40,43,82,101,19,2,5,3,5,7,5,5,3,5,3,7,1,2,70,70,85,57,65,17,30,20,33,25,40.8,33.1,65.7,12.8,22.3,29.7,15.2,42.1,8.2,12.1,40,59,66,17,22,24,49,44,12,14,3.8,10.3,6.6,2.8,2.9,7,22,22,25,20,20,12,11,12,10,12,3,10,240
VT0055_1558,1558,2016-04-28,8,39,53,14,42,81,96,15,1,3,3,7,3,7,3,3,5,1,5,2,1,63,70,71,62,62,33,20,35,25,27,34.7,40.2,41.7,51.4,58.2,24.3,27.3,22.4,31.1,30.6,20,34,47,56,64,10,24,35,36,42,4.1,6.9,10.9,13.5,17,5,25,25,25,25,25,13,15,12,13,13,5,1,300
VT0056_2340,2340,2016-04-28,8,46,56,10,36,82,99,17,1,3,3,5,3,1,9,3,3,1,5,1,1,83,75,80,75,70,25,25,20,30,22,137.2,97,127.2,108.7,222.9,87.6,50,87.9,81.2,103.2,77,133,62,65,211,69,137,53,59,223,23,40.6,18.2,19.7,69.8,7,22,23,25,24,25,12,12,12,11,13,3,1,330
VT0057_2341,2341,2016-04-28,8,42,52,10,39,81,96,15,1,3,3,5,3,3,7,5,5,1,5,1,2,75,63,80,81,60,15,20,20,26,27,157.7,198.5,72.5,108.4,80.3,130.5,102.6,26.7,42.2,40.1,87,162,113,117,83,96,189,112,146,80,33.3,61.3,34.9,46.1,27.8,7,25,22,27,24,25,11,10,13,12,11,3,1,310
VT0058_2374,2374,2016-04-28,8,39,52,13,40,79,91,12,1,3,3,5,3,7,3,7,3,7,5,1,1,60,80,63,62,55,26,18,27,20,30,36.7,74.3,71.2,45.5,24.6,25,38.2,57.2,34.1,18.7,22,64,20,38,16,13,52,10,26,3,2.6,12.2,3,5.2,0.6,5,26,30,25,24,24,13,15,14,14,11,3,1,270
VT0059_2394,2394,2016-04-28,9,38,51,13,43,81,96,15,1,3,3,5,3,7,3,7,3,1,7,2,1,67,65,52,63,60,23,27,26,24,20,57.9,25.5,108.3,50.9,53.8,34.4,21.3,64.7,32.1,36.4,54,18,93,45,58,28,6,57,21,30,8.3,2.1,17,8.9,11.7,7,22,20,25,23,24,10,10,10,11,11,3,1,305
VT0060_2399,2399,2016-04-28,9,38,51,13,43,81,97,16,1,3,3,5,3,7,3,7,7,1,7,2,1,50,70,80,45,80,20,27,25,16,25,56.1,31.6,95.3,36.3,63.2,20.8,19,60.8,21.4,45,58,26,49,28,33,60,16,20,17,11,17.2,3.9,8.4,6.7,3.2,5,26,25,29,22,27,15,13,15,12,15,3,1,300
VT0061_2412,2412,2016-04-28,8,40,52,12,42,82,100,18,1,3,3,5,3,5,5,7,7,1,5,1,2,70,75,71,70,80,35,35,30,23,35,130.2,153.6,149.7,108.4,68.4,76.2,114.1,81.3,57.5,54.3,72,88,101,79,27,60,75,81,81,26,15.4,27.6,29.3,31.9,8.4,7,23,24,22,28,25,11,11,12,13,13,3,1,280
VT0062_2413,2413,2016-04-28,8,39,52,13,43,82,98,16,1,3,5,5,3,7,3,7,7,1,5,1,1,71,53,67,55,50,40,30,20,25,26,43,25.9,94.4,52.1,20.5,38.8,17.5,68.9,34,15.5,19,20,79,40,4,78,9,41,18,4,3.9,4,13,8.6,1.4,5,25,25,25,25,23,14,14,13,14,12,3,1,340
VT0063_2438,2438,2016-04-28,8,36,52,16,46,82,99,17,1,3,7,5,3,5,5,9,3,1,5,1,2,70,57,60,70,70,26,30,35,40,27,63.1,69.1,31.8,70.5,59.6,45.1,47.4,24.2,45.9,39.5,57,61,28,61,60,30,42,16,54,46,9.2,11.3,3.9,13.4,13.8,7,23,21,21,21,21,12,11,11,11,11,3,1,280
VT0065_2493,2493,2016-04-28,8,37,53,16,45,82,99,17,1,3,3,7,3,5,5,5,5,1,5,2,1,67,60,67,63,72,24,26,32,20,24,103.1,121,75,85.4,145.3,69,69.9,57.8,55.2,84.5,72,106,45,51,90,56,66,46,46,76,26.2,27.4,17.4,17.1,36.8,5,25,25,27,23,23,12,12,12,15,12,3,1,380
VT0066_3055,3055,2016-04-28,8,38,53,15,44,82,100,18,1,3,3,5,3,7,3,5,5,1,5,2,1,65,60,60,70,75,30,26,35,34,23,53.7,49.5,14.3,79.5,57.5,34.4,22.6,8.6,55.6,31.6,47,59,14,36,40,27,40,20,27,30,8.5,13,5.1,8.5,11.1,7,20,25,22,22,23,10,12,11,11,12,3,1,290
VT0068_3083,3083,2016-04-28,8,38,54,16,44,82,98,16,1,3,7,5,3,3,7,5,5,1,5,1,2,93,80,90,90,93,40,40,41,30,37,127.5,143.9,123.7,119.5,132.5,114.5,106.5,89.4,95.3,80.3,80,48,50,84,79,55,67,70,35,53,23.7,22.9,27.3,12.2,27.3,5,25,25,24,23,23,14,14,13,13,12,7,1,380
VT0071_3200,3200,2016-04-28,9,37,51,14,41,78,94,16,1,3,3,5,3,5,5,9,7,7,7,1,1,65,65,60,53,55,15,10,21,30,21,63.4,59.8,43,34.6,18.7,34.7,28.2,32.8,24.9,15.5,74,55,43,29,28,44,49,24,15,17,11.6,10.5,5.4,3.8,3.9,7,25,24,24,26,22,12,12,11,12,10,5,1,245
VT0072_3264,3264,2016-04-28,8,39,52,13,40,79,95,16,1,3,3,5,3,7,3,9,7,7,7,1,1,70,55,70,61,53,20,30,30,21,27,69.3,33.9,45.7,37.3,32.3,49.6,25.2,31.8,29,26.7,56,22,46,37,33,37,7,20,17,17,13.2,2.4,6.7,5.5,4.6,7,24,23,20,19,22,12,10,10,10,12,3,1,350
VT0073_3271,3271,2016-04-28,8,39,52,13,44,83,99,16,1,3,3,7,3,5,5,5,7,7,5,2,1,53,70,70,70,65,19,19,23,20,26,95.8,145.1,100.3,115.1,124.9,56.2,90.9,74.9,84.7,65.3,95,104,68,60,100,48,64,31,27,68,15.1,24.3,14.7,7.6,31.9,5,27,23,24,25,23,14,14,14,14,13,3,1,315
VT0075_3273,3273,2016-04-28,8,39,53,14,43,82,100,18,1,3,3,7,3,5,5,9,5,7,5,1,2,73,62,53,65,67,20,27,26,23,26,61.9,67.2,58.9,137.7,129.5,50.3,44.2,40,75,80.7,27,39,32,90,105,16,27,30,61,78,5.3,12.6,8.8,27,29.4,7,22,22,25,26,20,15,12,13,12,14,3,1,390
VT0076_3274,3274,2016-04-28,8,39,53,14,44,83,100,17,1,3,3,5,3,5,5,7,5,7,5,1,2,45,52,60,50,62,25,25,26,27,25,30.8,74.6,68.3,18.6,64.7,18.3,56,40.4,14.5,38.6,21,21,54,14,44,17,19,43,11,40,5.5,4.7,12.3,2.9,12.4,5,27,24,25,25,29,15,13,14,12,14,3,1,365
VT0077_3275,3275,2016-04-28,8,39,53,14,44,83,100,17,1,3,3,7,3,5,5,9,5,7,5,2,1,70,70,75,73,81,25,23,35,30,28,46.8,149.3,43.1,62.4,129.2,33.6,91.7,18.7,46.2,74.6,37,123,44,51,119,19,130,48,47,125,5.9,36.5,15.1,12.9,34,7,22,20,23,20,21,10,10,12,9,11,3,1,310
VT0078_3293,3293,2016-04-28,8,38,53,15,43,81,100,19,1,3,3,7,3,7,3,9,5,7,5,1,1,65,70,60,77,75,20,26,19,24,23,128.1,89.1,24,48.5,115.3,43.9,78.5,17.6,46.1,101.9,106,42,13,18,59,105,34,9,11,29,35.7,8.6,2.7,2.8,8,5,25,26,26,26,26,13,13,13,14,13,3,1,395
VT0083_3428,3428,2016-04-28,8,39,53,14,42,81,93,12,1,3,5,5,3,5,5,7,3,7,5,1,2,55,50,50,52,60,33,20,17,22,26,20.2,43.5,27.3,17.9,18.5,7.5,16.6,11.6,11.1,10.5,34,72,29,26,24,19,26,23,16,10,7.6,10.8,7.5,4.2,4.3,7,22,21,25,20,25,12,11,12,10,13,3,1,255
VT0084_3438,3438,2016-04-28,8,39,53,14,43,82,89,7,1,3,3,5,3,5,5,7,5,7,5,2,1,70,62,80,50,60,24,21,26,30,26,38.2,73.8,95.6,17.3,26,32.5,52.7,61.8,11.8,17.3,13,51,52,8,18,4,23,22,2,8,2.5,9.9,15.1,2.5,6.1,5,23,21,23,25,24,13,11,13,15,13,3,1,340
VT0085_3439,3439,2016-04-28,8,40,53,13,41,81,94,13,1,3,7,7,3,1,9,5,5,1,5,1,2,80,78,70,73,75,52,43,43,45,35,94,53.4,49.9,37.9,67.6,62.5,29.1,26.7,23.6,51.7,49,53,40,30,37,38,42,37,30,28,18.9,19.7,14.5,12.9,12.9,7,27,29,27,27,27,14,14,13,14,14,3,1,360
VT0088_3462,3462,2016-04-28,8,39,53,14,43,82,100,18,1,3,3,5,3,3,7,9,7,7,7,2,1,50,57,65,65,53,26,27,27,40,30,36,59,97.6,32.2,53.1,23.8,35.5,78.5,18.1,21.9,39,63,39,35,93,21,58,22,37,96,7.5,10.4,9.1,6.6,16.9,7,21,24,24,22,25,11,12,13,11,12,3,1,205
VT0089_3473,3473,2016-04-28,8,39,53,14,43,82,100,18,1,3,3,5,3,3,7,9,7,7,7,2,1,56,60,55,60,63,20,27,30,20,17,62.3,34,57.6,70.6,92,32.5,20.2,42.2,35.3,43.8,58,31,27,64,78,46,15,12,46,86,18,8,7.4,19.8,26.8,5,23,26,30,25,26,11,13,15,12,14,3,1,345
VT0091_3516,3516,2016-04-28,8,39,53,14,43,82,97,15,1,3,5,5,3,5,5,9,7,7,7,2,1,70,70,60,60,62,20,24,31,30,25,42.3,52.5,34.6,36.6,34.1,24,31.5,26.5,25,25.6,65,56,33,42,30,30,49,26,20,11,7.5,13,6.5,5.5,3,7,22,21,22,20,20,10,11,10,10,8,3,1,275
VT0092_3517,3517,2016-04-28,8,39,53,14,43,82,98,16,1,3,3,5,3,3,7,9,7,7,7,2,1,57,65,63,50,60,20,30,25,20,20,86.2,76.1,74,56.2,72.2,37.2,36.3,24,27.9,42,124,89,77,88,73,70,57,46,37,32,29.9,25.4,20.7,14.8,9.2,7,23,26,26,25,26,11,12,13,12,12,3,1,385
VT0094_3519,3519,2016-04-28,8,39,53,14,41,80,94,14,1,3,1,5,3,5,5,9,7,7,7,2,1,50,53,60,52,75,20,22,22,25,20,103.3,54.4,25.4,32.4,102.2,39.7,21.5,13,18.3,47.1,134,65,45,38,109,110,55,28,21,68,29.3,22.5,9.5,7.5,24.6,7,25,25,22,20,22,14,15,11,12,10,3,1,300
VT0096_3521,3521,2016-04-28,9,38,52,14,44,82,101,19,1,3,3,5,3,5,5,9,7,7,5,2,2,55,60,63,60,55,20,17,17,21,23,87.6,66.9,64.6,10.5,57.3,51.4,10.6,32.4,38.5,35.2,85,48,82,71,60,66,21,64,42,39,20.4,7.2,21.6,16.2,10.5,7,24,25,21,20,22,12,12,12,10,11,3,1,320
VT0098_3529,3529,2016-04-28,8,35,54,19,47,82,100,18,1,3,3,5,3,5,5,9,7,7,5,2,2,63,55,65,55,61,17,16,33,29,31,58.4,73.3,23.4,56,102.3,33.3,35.2,11.4,21.7,59.7,56,52,34,54,38,46,55,24,34,69,15.2,25.1,6.2,15.9,26.5,7,20,21,21,22,26,10,11,11,10,13,3,1,355
VT0099_3530,3530,2016-04-28,8,38,53,15,44,82,100,18,1,3,3,5,3,5,5,9,7,7,5,1,2,70,60,70,52,60,19,19,19,16,17,54.4,58.5,50.5,107.9,55.5,27,30,31.8,34.4,24.8,62,68,53,141,54,59,67,52,180,25,14.2,15.1,10.5,41.4,20,7,22,22,20,24,23,11,11,10,11,11,3,1,245
VT0100_3563,3563,2016-04-28,8,47,53,6,35,82,101,19,1,3,3,5,3,3,7,9,5,7,5,1,2,65,60,60,60,65,30,30,27,25,23,135,101.4,104.2,101.5,260.2,82.6,52.3,64.8,50.3,144.8,76,88,58,82,153,53,71,49,63,122,23.4,32.7,23.9,32.8,62.4,5,25,24,25,25,25,12,11,12,12,14,3,1,400
VT0101_3570,3570,2016-04-28,8,39,53,14,43,82,99,17,1,3,3,5,3,5,5,9,5,7,5,1,2,60,35,70,60,63,13,25,17,25,15,124.5,51.4,99.7,60.4,62.4,68.8,24.6,37.4,20.9,39.4,79,43,107,150,31,78,52,135,56,27,33,16.2,40.3,18.4,12.8,7,23,24,20,25,25,11,10,10,12,15,3,1,460
VT0102_3571,3571,2016-04-28,8,39,53,14,41,80,95,15,1,3,1,5,3,5,5,9,5,7,5,2,1,62,60,50,50,60,15,17,13,17,18,133.8,125.8,102.8,91.1,132.2,31.6,28.2,28.2,30.9,54.4,152,133,110,79,115,113,108,86,66,68,53.3,58.7,46.1,32.1,46.4,5,29,26,30,26,27,13,13,15,14,15,3,1,440
VT0103_3572,3572,2016-04-28,8,39,53,14,41,80,97,17,1,3,1,5,3,5,5,9,7,7,7,1,1,55,55,50,51,50,20,20,19,21,21,188.4,53,117.4,107.5,147.4,41.7,20.5,38.7,45.2,56.8,194,52,122,111,56,148,38,111,70,35,88.6,19.2,46.7,36.2,8,5,28,25,25,26,25,14,13,12,12,12,3,1,465
VT0104_3593,3593,2016-04-28,9,38,52,14,41,79,95,16,1,3,1,5,3,3,7,9,7,7,5,1,2,70,56,60,45,41,17,25,25,20,16,74.4,26.5,34.1,31.1,22.9,45.7,17.2,21.1,12.3,8,56,28,43,51,34,109,17,22,33,29,51.1,4.4,5.5,6.6,7.4,7,22,22,21,22,21,12,11,11,11,11,3,1,395
VT0105_3594,3594,2016-04-28,8,39,53,14,42,81,95,14,1,3,1,5,3,5,5,9,7,7,5,1,2,61,50,57,50,60,25,30,23,31,19,57.7,23.3,32.3,23.6,48.1,36.6,13.5,11.7,9.5,10.5,116,29,36,29,57,55,33,38,25,71,40.4,9.9,12.6,10.2,22.9,7,25,23,25,24,24,12,11,12,11,12,3,1,390
VT0106_3595,3595,2016-04-28,8,39,53,14,44,83,97,14,1,3,1,7,3,5,5,9,5,7,5,1,2,65,60,60,61,55,25,20,19,20,23,80.5,35.2,20.8,36.4,25.8,32.4,22,11.8,13.8,10.2,80,47,22,42,25,67,40,16,37,32,27.2,16.9,5.6,16.1,11.7,7,24,22,22,22,23,11,11,11,11,12,3,1,410
VT0107_3596,3596,2016-04-28,8,39,53,14,44,83,100,17,1,3,1,5,3,3,7,9,5,7,5,2,2,65,65,61,55,60,20,35,25,17,22,65,50.5,58.8,39.3,86.8,40,17.7,19,22,46.6,53,52,71,30,61,27,41,39,34,48,12.7,21.6,21.7,13.2,24.5,7,22,24,24,23,22,11,12,12,12,11,3,1,400
VT0108_3597,3597,2016-04-28,8,39,52,13,44,83,99,16,1,3,3,7,3,3,7,9,7,1,7,2,2,60,61,72,70,72,17,35,23,25,23,114.6,62.4,96,74.1,179.1,44.5,39.6,55.7,36.4,71.7,84,36,66,67,139,77,38,53,56,101,29.2,15.1,23,23,52.4,7,26,25,24,25,22,13,13,12,13,11,3,1,335
VT0109_3598,3598,2016-04-28,8,39,53,14,42,81,90,9,1,3,3,7,3,5,5,9,5,7,7,2,2,70,66,60,66,60,23,23,19,17,25,96,125.3,49.9,75.7,67.4,66.8,79.7,17.2,38.5,27,67,78,77,117,58,30,61,50,92,44,9.5,18.2,18.4,30.5,21.2,7,25,22,22,22,23,14,10,10,12,12,3,1,280
